date,time,team,opponent,gf,ga,result,sh,sot,venue
05/08/2022,20:00,Crystal Palace,Arsenal,0,2,-1,10,2,home
06/08/2022,12:30,Fulham,Liverpool,2,2,0,9,3,home
06/08/2022,15:00,Bournemouth,Aston Villa,2,0,1,7,3,home
06/08/2022,15:00,Leeds,Wolverhampton,2,1,1,12,4,home
06/08/2022,15:00,Newcastle United,Nottingham Forest,2,0,1,23,10,home
06/08/2022,15:00,Tottenham Hotspur,Southampton,4,1,1,18,8,home
06/08/2022,17:30,Everton,Chelsea,0,1,-1,8,4,home
07/08/2022,14:00,Leicester,Brentford,2,2,0,14,5,home
07/08/2022,14:00,Manchester United,Brighton,1,2,-1,17,5,home
07/08/2022,16:30,West Ham United,Manchester City,0,2,-1,6,1,home
13/08/2022,12:30,Aston Villa,Everton,2,1,1,12,4,home
13/08/2022,15:00,Arsenal,Leicester,4,2,1,19,7,home
13/08/2022,15:00,Brighton,Newcastle United,0,0,0,13,7,home
13/08/2022,15:00,Manchester City,Bournemouth,4,0,1,19,7,home
13/08/2022,15:00,Southampton,Leeds,2,2,0,14,4,home
13/08/2022,15:00,Wolverhampton,Fulham,0,0,0,7,1,home
13/08/2022,17:30,Brentford,Manchester United,4,0,1,13,7,home
14/08/2022,14:00,Nottingham Forest,West Ham United,1,0,1,13,6,home
14/08/2022,16:30,Chelsea,Tottenham Hotspur,2,2,0,16,3,home
15/08/2022,20:00,Liverpool,Crystal Palace,1,1,0,24,4,home
20/08/2022,12:30,Tottenham Hotspur,Wolverhampton,1,0,1,11,4,home
20/08/2022,15:00,Crystal Palace,Aston Villa,3,1,1,17,9,home
20/08/2022,15:00,Everton,Nottingham Forest,1,1,0,19,8,home
20/08/2022,15:00,Fulham,Brentford,3,2,1,18,9,home
20/08/2022,15:00,Leicester,Southampton,1,2,-1,6,1,home
20/08/2022,17:30,Bournemouth,Arsenal,0,3,-1,6,1,home
21/08/2022,14:00,Leeds,Chelsea,3,0,1,12,6,home
21/08/2022,14:00,West Ham United,Brighton,0,2,-1,13,3,home
21/08/2022,16:30,Newcastle United,Manchester City,3,3,0,12,6,home
22/08/2022,20:00,Manchester United,Liverpool,2,1,1,12,4,home
27/08/2022,12:30,Southampton,Manchester United,0,1,-1,17,5,home
27/08/2022,15:00,Brentford,Everton,1,1,0,19,5,home
27/08/2022,15:00,Brighton,Leeds,1,0,1,13,4,home
27/08/2022,15:00,Chelsea,Leicester,2,1,1,7,3,home
27/08/2022,15:00,Liverpool,Bournemouth,9,0,1,19,12,home
27/08/2022,15:00,Manchester City,Crystal Palace,4,2,1,18,5,home
27/08/2022,17:30,Arsenal,Fulham,2,1,1,22,8,home
28/08/2022,14:00,Aston Villa,West Ham United,0,1,-1,9,3,home
28/08/2022,14:00,Wolverhampton,Newcastle United,1,1,0,10,4,home
28/08/2022,16:30,Nottingham Forest,Tottenham Hotspur,0,2,-1,17,1,home
30/08/2022,19:30,Crystal Palace,Brentford,1,1,0,13,4,home
30/08/2022,19:30,Fulham,Brighton,2,1,1,10,3,home
30/08/2022,19:45,Southampton,Chelsea,2,1,1,9,7,home
30/08/2022,20:00,Leeds,Everton,1,1,0,14,5,home
31/08/2022,19:30,Arsenal,Aston Villa,2,1,1,22,9,home
31/08/2022,19:30,Bournemouth,Wolverhampton,0,0,0,5,2,home
31/08/2022,19:30,Manchester City,Nottingham Forest,6,0,1,17,9,home
31/08/2022,19:45,West Ham United,Tottenham Hotspur,1,1,0,14,4,home
31/08/2022,20:00,Liverpool,Newcastle United,2,1,1,23,6,home
01/09/2022,20:00,Leicester,Manchester United,0,1,-1,10,2,home
03/09/2022,12:30,Everton,Liverpool,0,0,0,14,3,home
03/09/2022,15:00,Brentford,Leeds,5,2,1,14,8,home
03/09/2022,15:00,Chelsea,West Ham United,2,1,1,8,3,home
03/09/2022,15:00,Newcastle United,Crystal Palace,0,0,0,23,6,home
03/09/2022,15:00,Nottingham Forest,Bournemouth,2,3,-1,11,3,home
03/09/2022,15:00,Tottenham Hotspur,Fulham,2,1,1,23,10,home
03/09/2022,15:00,Wolverhampton,Southampton,1,0,1,7,2,home
03/09/2022,17:30,Aston Villa,Manchester City,1,1,0,3,1,home
04/09/2022,14:00,Brighton,Leicester,5,2,1,23,11,home
04/09/2022,16:30,Manchester United,Arsenal,3,1,1,10,6,home
16/09/2022,20:00,Aston Villa,Southampton,1,0,1,11,3,home
16/09/2022,20:00,Nottingham Forest,Fulham,2,3,-1,11,3,home
17/09/2022,12:30,Wolverhampton,Manchester City,0,3,-1,6,1,home
17/09/2022,15:00,Newcastle United,Bournemouth,1,1,0,20,7,home
17/09/2022,17:30,Tottenham Hotspur,Leicester,6,2,1,16,11,home
18/09/2022,12:00,Brentford,Arsenal,0,3,-1,5,2,home
18/09/2022,14:15,Everton,West Ham United,1,0,1,7,2,home
01/10/2022,12:30,Arsenal,Tottenham Hotspur,3,1,1,22,9,home
01/10/2022,15:00,Bournemouth,Brentford,0,0,0,7,1,home
01/10/2022,15:00,Crystal Palace,Chelsea,1,2,-1,7,3,home
01/10/2022,15:00,Fulham,Newcastle United,1,4,-1,3,1,home
01/10/2022,15:00,Liverpool,Brighton,3,3,0,15,7,home
01/10/2022,15:00,Southampton,Everton,1,2,-1,22,6,home
01/10/2022,17:30,West Ham United,Wolverhampton,2,0,1,18,5,home
02/10/2022,14:00,Manchester City,Manchester United,6,3,1,22,10,home
02/10/2022,16:30,Leeds,Aston Villa,0,0,0,9,1,home
03/10/2022,20:00,Leicester,Nottingham Forest,4,0,1,17,7,home
08/10/2022,15:00,Bournemouth,Leicester,2,1,1,10,4,home
08/10/2022,15:00,Chelsea,Wolverhampton,3,0,1,20,7,home
08/10/2022,15:00,Manchester City,Southampton,4,0,1,21,8,home
08/10/2022,15:00,Newcastle United,Brentford,5,1,1,16,6,home
08/10/2022,17:30,Brighton,Tottenham Hotspur,0,1,-1,14,4,home
09/10/2022,14:00,Crystal Palace,Leeds,2,1,1,13,5,home
09/10/2022,14:00,West Ham United,Fulham,3,1,1,17,8,home
09/10/2022,16:30,Arsenal,Liverpool,3,2,1,11,7,home
09/10/2022,19:00,Everton,Manchester United,1,2,-1,11,2,home
10/10/2022,20:00,Nottingham Forest,Aston Villa,1,1,0,6,3,home
14/10/2022,20:00,Brentford,Brighton,2,0,1,7,3,home
15/10/2022,12:30,Leicester,Crystal Palace,0,0,0,14,5,home
15/10/2022,15:00,Fulham,Bournemouth,2,2,0,19,4,home
15/10/2022,15:00,Wolverhampton,Nottingham Forest,1,0,1,9,2,home
15/10/2022,17:30,Tottenham Hotspur,Everton,2,0,1,21,7,home
16/10/2022,14:00,Aston Villa,Chelsea,0,2,-1,18,7,home
16/10/2022,14:00,Leeds,Arsenal,0,1,-1,16,4,home
16/10/2022,14:00,Manchester United,Newcastle United,0,0,0,15,2,home
16/10/2022,14:00,Southampton,West Ham United,1,1,0,10,8,home
16/10/2022,16:30,Liverpool,Manchester City,1,0,1,13,2,home
18/10/2022,19:30,Brighton,Nottingham Forest,0,0,0,19,7,home
18/10/2022,20:15,Crystal Palace,Wolverhampton,2,1,1,14,4,home
19/10/2022,19:30,Bournemouth,Southampton,0,1,-1,15,3,home
19/10/2022,19:30,Brentford,Chelsea,0,0,0,8,5,home
19/10/2022,19:30,Liverpool,West Ham United,1,0,1,22,7,home
19/10/2022,19:30,Newcastle United,Everton,1,0,1,16,4,home
19/10/2022,20:15,Manchester United,Tottenham Hotspur,2,0,1,28,10,home
20/10/2022,19:30,Fulham,Aston Villa,3,0,1,18,8,home
20/10/2022,20:15,Leicester,Leeds,2,0,1,5,1,home
22/10/2022,12:30,Nottingham Forest,Liverpool,1,0,1,10,7,home
22/10/2022,15:00,Everton,Crystal Palace,3,0,1,9,6,home
22/10/2022,15:00,Manchester City,Brighton,3,1,1,10,4,home
22/10/2022,17:30,Chelsea,Manchester United,1,1,0,6,2,home
23/10/2022,14:00,Aston Villa,Brentford,4,0,1,19,11,home
23/10/2022,14:00,Leeds,Fulham,2,3,-1,14,5,home
23/10/2022,14:00,Southampton,Arsenal,1,1,0,10,3,home
23/10/2022,14:00,Wolverhampton,Leicester,0,4,-1,21,5,home
23/10/2022,16:30,Tottenham Hotspur,Newcastle United,1,2,-1,17,5,home
24/10/2022,20:00,West Ham United,Bournemouth,2,0,1,20,4,home
29/10/2022,12:30,Leicester,Manchester City,0,1,-1,10,5,home
29/10/2022,15:00,Bournemouth,Tottenham Hotspur,2,3,-1,6,4,home
29/10/2022,15:00,Brentford,Wolverhampton,1,1,0,12,3,home
29/10/2022,15:00,Brighton,Chelsea,4,1,1,19,9,home
29/10/2022,15:00,Crystal Palace,Southampton,1,0,1,12,3,home
29/10/2022,15:00,Newcastle United,Aston Villa,4,0,1,20,7,home
29/10/2022,17:30,Fulham,Everton,0,0,0,24,6,home
29/10/2022,19:45,Liverpool,Leeds,1,2,-1,22,10,home
30/10/2022,14:00,Arsenal,Nottingham Forest,5,0,1,24,10,home
30/10/2022,16:15,Manchester United,West Ham United,1,0,1,16,3,home
05/11/2022,15:00,Leeds,Bournemouth,4,3,1,18,4,home
05/11/2022,15:00,Manchester City,Fulham,2,1,1,16,5,home
05/11/2022,15:00,Nottingham Forest,Brentford,2,2,0,15,7,home
05/11/2022,15:00,Wolverhampton,Brighton,2,3,-1,8,5,home
05/11/2022,17:30,Everton,Leicester,0,2,-1,12,2,home
06/11/2022,12:00,Chelsea,Arsenal,0,1,-1,5,1,home
06/11/2022,14:00,Aston Villa,Manchester United,3,1,1,6,4,home
06/11/2022,14:00,Southampton,Newcastle United,1,4,-1,16,5,home
06/11/2022,14:00,West Ham United,Crystal Palace,1,2,-1,5,2,home
06/11/2022,16:30,Tottenham Hotspur,Liverpool,1,2,-1,14,5,home
12/11/2022,12:30,Manchester City,Brentford,1,2,-1,29,6,home
12/11/2022,15:00,Bournemouth,Everton,3,0,1,16,9,home
12/11/2022,15:00,Liverpool,Southampton,3,1,1,15,7,home
12/11/2022,15:00,Nottingham Forest,Crystal Palace,1,0,1,9,2,home
12/11/2022,15:00,Tottenham Hotspur,Leeds,4,3,1,14,8,home
12/11/2022,15:00,West Ham United,Leicester,0,2,-1,18,6,home
12/11/2022,17:30,Newcastle United,Chelsea,1,0,1,10,3,home
12/11/2022,19:45,Wolverhampton,Arsenal,0,2,-1,11,2,home
13/11/2022,14:00,Brighton,Aston Villa,1,2,-1,7,2,home
13/11/2022,16:30,Fulham,Manchester United,1,2,-1,14,7,home
26/12/2022,12:30,Brentford,Tottenham Hotspur,2,2,0,9,5,home
26/12/2022,15:00,Crystal Palace,Fulham,0,3,-1,4,0,home
26/12/2022,15:00,Everton,Wolverhampton,1,2,-1,12,6,home
26/12/2022,15:00,Leicester,Newcastle United,0,3,-1,8,2,home
26/12/2022,15:00,Southampton,Brighton,1,3,-1,14,4,home
26/12/2022,17:30,Aston Villa,Liverpool,1,3,-1,12,6,home
26/12/2022,20:00,Arsenal,West Ham United,3,1,1,16,5,home
27/12/2022,17:30,Chelsea,Bournemouth,2,0,1,15,5,home
27/12/2022,20:00,Manchester United,Nottingham Forest,3,0,1,17,8,home
28/12/2022,20:00,Leeds,Manchester City,1,3,-1,9,1,home
30/12/2022,19:45,West Ham United,Brentford,0,2,-1,20,5,home
30/12/2022,20:00,Liverpool,Leicester,2,1,1,21,5,home
31/12/2022,12:30,Wolverhampton,Manchester United,0,1,-1,10,3,home
31/12/2022,15:00,Bournemouth,Crystal Palace,0,2,-1,6,2,home
31/12/2022,15:00,Fulham,Southampton,2,1,1,8,2,home
31/12/2022,15:00,Manchester City,Everton,1,1,0,16,3,home
31/12/2022,15:00,Newcastle United,Leeds,0,0,0,16,5,home
31/12/2022,17:30,Brighton,Arsenal,2,4,-1,9,5,home
01/01/2023,14:00,Tottenham Hotspur,Aston Villa,0,2,-1,6,2,home
01/01/2023,16:30,Nottingham Forest,Chelsea,1,1,0,12,5,home
02/01/2023,17:30,Brentford,Liverpool,3,1,1,10,7,home
03/01/2023,19:45,Arsenal,Newcastle United,0,0,0,17,4,home
03/01/2023,19:45,Everton,Brighton,1,4,-1,10,4,home
03/01/2023,19:45,Leicester,Fulham,0,1,-1,15,6,home
03/01/2023,20:00,Manchester United,Bournemouth,3,0,1,18,6,home
04/01/2023,19:30,Southampton,Nottingham Forest,0,1,-1,8,0,home
04/01/2023,19:45,Leeds,West Ham United,2,2,0,14,6,home
04/01/2023,20:00,Aston Villa,Wolverhampton,1,1,0,13,4,home
04/01/2023,20:00,Crystal Palace,Tottenham Hotspur,0,4,-1,19,4,home
05/01/2023,20:00,Chelsea,Manchester City,0,1,-1,8,2,home
12/01/2023,20:00,Fulham,Chelsea,2,1,1,8,3,home
13/01/2023,20:00,Aston Villa,Leeds,2,1,1,11,5,home
14/01/2023,12:30,Manchester United,Manchester City,2,1,1,8,4,home
14/01/2023,15:00,Brighton,Liverpool,3,0,1,16,9,home
14/01/2023,15:00,Everton,Southampton,1,2,-1,12,4,home
14/01/2023,15:00,Nottingham Forest,Leicester,2,0,1,15,5,home
14/01/2023,15:00,Wolverhampton,West Ham United,1,0,1,17,4,home
14/01/2023,17:30,Brentford,Bournemouth,2,0,1,12,4,home
15/01/2023,14:00,Chelsea,Crystal Palace,1,0,1,15,5,home
15/01/2023,14:00,Newcastle United,Fulham,1,0,1,20,5,home
15/01/2023,16:30,Tottenham Hotspur,Arsenal,0,2,-1,17,7,home
18/01/2023,20:00,Crystal Palace,Manchester United,1,1,0,10,5,home
19/01/2023,20:00,Manchester City,Tottenham Hotspur,4,2,1,16,6,home
21/01/2023,12:30,Liverpool,Chelsea,0,0,0,15,3,home
21/01/2023,15:00,Bournemouth,Nottingham Forest,1,1,0,16,4,home
21/01/2023,15:00,Leicester,Brighton,2,2,0,9,2,home
21/01/2023,15:00,Southampton,Aston Villa,0,1,-1,8,5,home
21/01/2023,15:00,West Ham United,Everton,2,0,1,11,4,home
21/01/2023,17:30,Crystal Palace,Newcastle United,0,0,0,6,1,home
22/01/2023,14:00,Leeds,Brentford,0,0,0,9,5,home
22/01/2023,14:00,Manchester City,Wolverhampton,3,0,1,13,7,home
22/01/2023,16:30,Arsenal,Manchester United,3,2,1,25,5,home
23/01/2023,20:00,Fulham,Tottenham Hotspur,0,1,-1,10,5,home
03/02/2023,20:00,Chelsea,Fulham,0,0,0,12,3,home
04/02/2023,12:30,Everton,Arsenal,1,0,1,12,4,home
04/02/2023,15:00,Aston Villa,Leicester,2,4,-1,19,4,home
04/02/2023,15:00,Brentford,Southampton,3,0,1,14,4,home
04/02/2023,15:00,Brighton,Bournemouth,1,0,1,20,6,home
04/02/2023,15:00,Manchester United,Crystal Palace,2,1,1,14,5,home
04/02/2023,15:00,Wolverhampton,Liverpool,3,0,1,12,6,home
04/02/2023,17:30,Newcastle United,West Ham United,1,1,0,8,2,home
05/02/2023,14:00,Nottingham Forest,Leeds,1,0,1,6,2,home
05/02/2023,16:30,Tottenham Hotspur,Manchester City,1,0,1,12,3,home
08/02/2023,20:00,Manchester United,Leeds,2,2,0,24,7,home
11/02/2023,12:30,West Ham United,Chelsea,1,1,0,10,2,home
11/02/2023,15:00,Arsenal,Brentford,1,1,0,23,7,home
11/02/2023,15:00,Crystal Palace,Brighton,1,1,0,6,1,home
11/02/2023,15:00,Fulham,Nottingham Forest,2,0,1,16,3,home
11/02/2023,15:00,Leicester,Tottenham Hotspur,4,1,1,15,7,home
11/02/2023,15:00,Southampton,Wolverhampton,1,2,-1,17,2,home
11/02/2023,17:30,Bournemouth,Newcastle United,1,1,0,11,5,home
12/02/2023,14:00,Leeds,Manchester United,0,2,-1,16,6,home
12/02/2023,16:30,Manchester City,Aston Villa,3,1,1,17,9,home
13/02/2023,20:00,Liverpool,Everton,2,0,1,15,6,home
15/02/2023,19:30,Arsenal,Manchester City,1,3,-1,10,1,home
18/02/2023,12:30,Aston Villa,Arsenal,2,4,-1,7,5,home
18/02/2023,15:00,Brentford,Crystal Palace,1,1,0,12,5,home
18/02/2023,15:00,Brighton,Fulham,0,1,-1,21,7,home
18/02/2023,15:00,Chelsea,Southampton,0,1,-1,17,5,home
18/02/2023,15:00,Everton,Leeds,1,0,1,15,6,home
18/02/2023,15:00,Nottingham Forest,Manchester City,1,1,0,4,1,home
18/02/2023,15:00,Wolverhampton,Bournemouth,0,1,-1,15,4,home
18/02/2023,17:30,Newcastle United,Liverpool,0,2,-1,14,4,home
19/02/2023,14:00,Manchester United,Leicester,3,0,1,26,8,home
19/02/2023,16:30,Tottenham Hotspur,West Ham United,2,0,1,16,6,home
24/02/2023,20:00,Fulham,Wolverhampton,1,1,0,10,5,home
25/02/2023,15:00,Everton,Aston Villa,0,2,-1,15,5,home
25/02/2023,15:00,Leeds,Southampton,1,0,1,14,4,home
25/02/2023,15:00,Leicester,Arsenal,0,1,-1,1,0,home
25/02/2023,15:00,West Ham United,Nottingham Forest,4,0,1,18,5,home
25/02/2023,17:30,Bournemouth,Manchester City,1,4,-1,13,2,home
25/02/2023,19:45,Crystal Palace,Liverpool,0,0,0,6,0,home
26/02/2023,13:30,Tottenham Hotspur,Chelsea,2,0,1,8,3,home
01/03/2023,19:45,Arsenal,Everton,4,0,1,15,5,home
01/03/2023,20:00,Liverpool,Wolverhampton,2,0,1,15,6,home
04/03/2023,12:30,Manchester City,Newcastle United,2,0,1,11,3,home
04/03/2023,15:00,Arsenal,Bournemouth,3,2,1,31,9,home
04/03/2023,15:00,Aston Villa,Crystal Palace,1,0,1,8,1,home
04/03/2023,15:00,Brighton,West Ham United,4,0,1,20,9,home
04/03/2023,15:00,Chelsea,Leeds,1,0,1,13,3,home
04/03/2023,15:00,Wolverhampton,Tottenham Hotspur,1,0,1,8,5,home
04/03/2023,17:30,Southampton,Leicester,1,0,1,11,5,home
05/03/2023,14:00,Nottingham Forest,Everton,2,2,0,10,4,home
05/03/2023,16:30,Liverpool,Manchester United,7,0,1,18,8,home
06/03/2023,20:00,Brentford,Fulham,3,2,1,14,6,home
11/03/2023,12:30,Bournemouth,Liverpool,1,0,1,5,2,home
11/03/2023,15:00,Everton,Brentford,1,0,1,13,6,home
11/03/2023,15:00,Leeds,Brighton,2,2,0,12,4,home
11/03/2023,15:00,Leicester,Chelsea,1,3,-1,17,7,home
11/03/2023,15:00,Tottenham Hotspur,Nottingham Forest,3,1,1,15,7,home
11/03/2023,17:30,Crystal Palace,Manchester City,0,1,-1,4,0,home
12/03/2023,14:00,Fulham,Arsenal,0,3,-1,12,2,home
12/03/2023,14:00,Manchester United,Southampton,0,0,0,10,4,home
12/03/2023,14:00,West Ham United,Aston Villa,1,1,0,17,6,home
12/03/2023,16:30,Newcastle United,Wolverhampton,2,1,1,19,8,home
15/03/2023,19:30,Brighton,Crystal Palace,1,0,1,11,5,home
15/03/2023,19:30,Southampton,Brentford,0,2,-1,7,1,home
17/03/2023,20:00,Nottingham Forest,Newcastle United,1,2,-1,5,3,home
18/03/2023,15:00,Aston Villa,Bournemouth,3,0,1,20,9,home
18/03/2023,15:00,Brentford,Leicester,1,1,0,11,2,home
18/03/2023,15:00,Southampton,Tottenham Hotspur,3,3,0,19,7,home
18/03/2023,15:00,Wolverhampton,Leeds,2,4,-1,23,8,home
18/03/2023,17:30,Chelsea,Everton,2,2,0,20,7,home
19/03/2023,14:00,Arsenal,Crystal Palace,4,1,1,15,5,home
01/04/2023,12:30,Manchester City,Liverpool,4,1,1,17,8,home
01/04/2023,15:00,Arsenal,Leeds,4,1,1,13,6,home
01/04/2023,15:00,Bournemouth,Fulham,2,1,1,12,7,home
01/04/2023,15:00,Brighton,Brentford,3,3,0,33,15,home
01/04/2023,15:00,Crystal Palace,Leicester,2,1,1,31,9,home
01/04/2023,15:00,Nottingham Forest,Wolverhampton,1,1,0,17,7,home
01/04/2023,17:30,Chelsea,Aston Villa,0,2,-1,27,8,home
02/04/2023,14:00,West Ham United,Southampton,1,0,1,12,2,home
02/04/2023,16:30,Newcastle United,Manchester United,2,0,1,22,6,home
03/04/2023,20:00,Everton,Tottenham Hotspur,1,1,0,15,6,home
04/04/2023,19:45,Bournemouth,Brighton,0,2,-1,14,3,home
04/04/2023,19:45,Leeds,Nottingham Forest,2,1,1,21,6,home
04/04/2023,19:45,Leicester,Aston Villa,1,2,-1,9,4,home
04/04/2023,20:00,Chelsea,Liverpool,0,0,0,12,3,home
05/04/2023,20:00,Manchester United,Brentford,1,0,1,18,3,home
05/04/2023,20:00,West Ham United,Newcastle United,1,5,-1,7,2,home
08/04/2023,12:30,Manchester United,Everton,2,0,1,29,11,home
08/04/2023,15:00,Aston Villa,Nottingham Forest,2,0,1,8,3,home
08/04/2023,15:00,Brentford,Newcastle United,1,2,-1,12,6,home
08/04/2023,15:00,Fulham,West Ham United,0,1,-1,16,3,home
08/04/2023,15:00,Leicester,Bournemouth,0,1,-1,14,4,home
08/04/2023,15:00,Tottenham Hotspur,Brighton,2,1,1,9,3,home
08/04/2023,15:00,Wolverhampton,Chelsea,1,0,1,9,4,home
08/04/2023,17:30,Southampton,Manchester City,1,4,-1,4,1,home
09/04/2023,14:00,Leeds,Crystal Palace,1,5,-1,11,7,home
09/04/2023,16:30,Liverpool,Arsenal,2,2,0,21,6,home
15/04/2023,12:30,Aston Villa,Newcastle United,3,0,1,16,6,home
15/04/2023,15:00,Chelsea,Brighton,1,2,-1,8,2,home
15/04/2023,15:00,Everton,Fulham,1,3,-1,15,7,home
15/04/2023,15:00,Southampton,Crystal Palace,0,2,-1,11,4,home
15/04/2023,15:00,Tottenham Hotspur,Bournemouth,2,3,-1,24,8,home
15/04/2023,15:00,Wolverhampton,Brentford,2,0,1,11,9,home
15/04/2023,17:30,Manchester City,Leicester,3,1,1,12,4,home
16/04/2023,14:00,West Ham United,Arsenal,2,2,0,16,3,home
16/04/2023,16:30,Nottingham Forest,Manchester United,0,2,-1,6,0,home
17/04/2023,20:00,Leeds,Liverpool,1,6,-1,13,3,home
21/04/2023,20:00,Arsenal,Southampton,3,3,0,25,6,home
22/04/2023,12:30,Fulham,Leeds,2,1,1,12,5,home
22/04/2023,15:00,Brentford,Aston Villa,1,1,0,6,5,home
22/04/2023,15:00,Crystal Palace,Everton,0,0,0,12,2,home
22/04/2023,15:00,Leicester,Wolverhampton,2,1,1,15,8,home
22/04/2023,15:00,Liverpool,Nottingham Forest,3,2,1,18,6,home
23/04/2023,14:00,Bournemouth,West Ham United,0,4,-1,17,5,home
23/04/2023,14:00,Newcastle United,Tottenham Hotspur,6,1,1,25,8,home
25/04/2023,19:30,Wolverhampton,Crystal Palace,2,0,1,9,3,home
25/04/2023,19:45,Aston Villa,Fulham,1,0,1,14,3,home
25/04/2023,20:00,Leeds,Leicester,1,1,0,13,3,home
26/04/2023,19:30,Nottingham Forest,Brighton,3,1,1,12,5,home
26/04/2023,19:45,Chelsea,Brentford,0,2,-1,15,4,home
26/04/2023,19:45,West Ham United,Liverpool,1,2,-1,7,2,home
26/04/2023,20:00,Manchester City,Arsenal,4,1,1,14,9,home
27/04/2023,19:45,Everton,Newcastle United,1,4,-1,13,5,home
27/04/2023,19:45,Southampton,Bournemouth,0,1,-1,11,2,home
27/04/2023,20:15,Tottenham Hotspur,Manchester United,2,2,0,18,7,home
29/04/2023,12:30,Crystal Palace,West Ham United,4,3,1,16,6,home
29/04/2023,15:00,Brentford,Nottingham Forest,2,1,1,14,8,home
29/04/2023,15:00,Brighton,Wolverhampton,6,0,1,22,8,home
30/04/2023,14:00,Bournemouth,Leeds,4,1,1,12,7,home
30/04/2023,14:00,Fulham,Manchester City,1,2,-1,4,1,home
30/04/2023,14:00,Manchester United,Aston Villa,1,0,1,14,6,home
30/04/2023,14:00,Newcastle United,Southampton,3,1,1,22,5,home
30/04/2023,16:30,Liverpool,Tottenham Hotspur,4,3,1,12,4,home
01/05/2023,20:00,Leicester,Everton,2,2,0,15,6,home
02/05/2023,20:00,Arsenal,Chelsea,3,1,1,16,10,home
03/05/2023,20:00,Liverpool,Fulham,1,0,1,15,3,home
03/05/2023,20:00,Manchester City,West Ham United,3,0,1,16,7,home
04/05/2023,20:00,Brighton,Manchester United,1,0,1,22,6,home
06/05/2023,15:00,Bournemouth,Chelsea,1,3,-1,10,4,home
06/05/2023,15:00,Manchester City,Leeds,2,1,1,18,6,home
06/05/2023,15:00,Tottenham Hotspur,Crystal Palace,1,0,1,8,3,home
06/05/2023,15:00,Wolverhampton,Aston Villa,1,0,1,6,2,home
06/05/2023,17:30,Liverpool,Brentford,1,0,1,15,5,home
07/05/2023,16:30,Newcastle United,Arsenal,0,2,-1,12,5,home
07/05/2023,19:00,West Ham United,Manchester United,1,0,1,15,4,home
08/05/2023,15:00,Fulham,Leicester,5,3,1,17,7,home
08/05/2023,17:30,Brighton,Everton,1,5,-1,23,5,home
08/05/2023,20:00,Nottingham Forest,Southampton,4,3,1,9,4,home
13/05/2023,12:30,Leeds,Newcastle United,2,2,0,9,4,home
13/05/2023,15:00,Aston Villa,Tottenham Hotspur,2,1,1,8,4,home
13/05/2023,15:00,Chelsea,Nottingham Forest,2,2,0,14,6,home
13/05/2023,15:00,Crystal Palace,Bournemouth,2,0,1,17,5,home
13/05/2023,15:00,Manchester United,Wolverhampton,2,0,1,27,9,home
13/05/2023,15:00,Southampton,Fulham,0,2,-1,5,1,home
14/05/2023,14:00,Brentford,West Ham United,2,0,1,24,10,home
14/05/2023,14:00,Everton,Manchester City,0,3,-1,7,3,home
14/05/2023,16:30,Arsenal,Brighton,0,3,-1,14,2,home
15/05/2023,20:00,Leicester,Liverpool,0,3,-1,4,4,home
18/05/2023,19:30,Newcastle United,Brighton,4,1,1,22,9,home
20/05/2023,12:30,Tottenham Hotspur,Brentford,1,3,-1,22,8,home
20/05/2023,15:00,Bournemouth,Manchester United,0,1,-1,10,4,home
20/05/2023,15:00,Fulham,Crystal Palace,2,2,0,11,4,home
20/05/2023,15:00,Liverpool,Aston Villa,1,1,0,10,5,home
20/05/2023,15:00,Wolverhampton,Everton,1,1,0,13,5,home
20/05/2023,17:30,Nottingham Forest,Arsenal,1,0,1,6,2,home
21/05/2023,13:30,West Ham United,Leeds,3,1,1,19,9,home
21/05/2023,14:00,Brighton,Southampton,3,1,1,26,8,home
21/05/2023,16:00,Manchester City,Chelsea,1,0,1,15,2,home
22/05/2023,20:00,Newcastle United,Leicester,0,0,0,23,4,home
24/05/2023,20:00,Brighton,Manchester City,1,1,0,20,7,home
25/05/2023,20:00,Manchester United,Chelsea,4,1,1,18,9,home
28/05/2023,16:30,Arsenal,Wolverhampton,5,0,1,14,8,home
28/05/2023,16:30,Aston Villa,Brighton,2,1,1,12,5,home
28/05/2023,16:30,Brentford,Manchester City,1,0,1,11,4,home
28/05/2023,16:30,Chelsea,Newcastle United,1,1,0,22,5,home
28/05/2023,16:30,Crystal Palace,Nottingham Forest,1,1,0,16,4,home
28/05/2023,16:30,Everton,Bournemouth,1,0,1,13,6,home
28/05/2023,16:30,Leeds,Tottenham Hotspur,1,4,-1,19,2,home
28/05/2023,16:30,Leicester,West Ham United,2,1,1,13,4,home
28/05/2023,16:30,Manchester United,Fulham,2,1,1,21,8,home
28/05/2023,16:30,Southampton,Liverpool,4,4,0,15,10,home
13/08/2021,,Brentford,Arsenal,2,0,1,8,3,home
14/08/2021,,Manchester United,Leeds,5,1,1,16,8,home
14/08/2021,,Burnley,Brighton,1,2,-1,14,3,home
14/08/2021,,Chelsea,Crystal Palace,3,0,1,13,6,home
14/08/2021,,Everton,Southampton,3,1,1,14,6,home
14/08/2021,,Leicester,Wolverhampton,1,0,1,9,5,home
14/08/2021,,Watford,Aston Villa,3,2,1,13,7,home
14/08/2021,,Norwich,Liverpool,0,3,-1,14,3,home
15/08/2021,,Newcastle United,West Ham United,2,4,-1,17,3,home
15/08/2021,,Tottenham Hotspur,Manchester City,1,0,1,13,3,home
21/08/2021,,Liverpool,Burnley,2,0,1,27,9,home
21/08/2021,,Aston Villa,Newcastle United,2,0,1,10,2,home
21/08/2021,,Crystal Palace,Brentford,0,0,0,7,2,home
21/08/2021,,Leeds,Everton,2,2,0,17,4,home
21/08/2021,,Manchester City,Norwich,5,0,1,16,4,home
21/08/2021,,Brighton,Watford,2,0,1,13,3,home
22/08/2021,,Southampton,Manchester United,1,1,0,8,3,home
22/08/2021,,Wolverhampton,Tottenham Hotspur,0,1,-1,25,6,home
22/08/2021,,Arsenal,Chelsea,0,2,-1,6,3,home
23/08/2021,,West Ham United,Leicester,4,1,1,13,7,home
28/08/2021,,Manchester City,Arsenal,5,0,1,25,10,home
28/08/2021,,Aston Villa,Brentford,1,1,0,7,5,home
28/08/2021,,Brighton,Everton,0,2,-1,14,3,home
28/08/2021,,Newcastle United,Southampton,2,2,0,10,5,home
28/08/2021,,Norwich,Leicester,1,2,-1,14,4,home
28/08/2021,,West Ham United,Crystal Palace,2,2,0,14,4,home
28/08/2021,,Liverpool,Chelsea,1,1,0,24,7,home
29/08/2021,,Burnley,Leeds,1,1,0,12,3,home
29/08/2021,,Tottenham Hotspur,Watford,1,0,1,15,8,home
29/08/2021,,Wolverhampton,Manchester United,0,1,-1,15,6,home
11/09/2021,,Crystal Palace,Tottenham Hotspur,3,0,1,18,4,home
11/09/2021,,Arsenal,Norwich,1,0,1,30,7,home
11/09/2021,,Brentford,Brighton,0,1,-1,7,1,home
11/09/2021,,Leicester,Manchester City,0,1,-1,6,1,home
11/09/2021,,Manchester United,Newcastle United,4,1,1,21,7,home
11/09/2021,,Southampton,West Ham United,0,0,0,11,3,home
11/09/2021,,Watford,Wolverhampton,0,2,-1,6,2,home
11/09/2021,,Chelsea,Aston Villa,3,0,1,12,4,home
12/09/2021,,Leeds,Liverpool,0,3,-1,9,4,home
13/09/2021,,Everton,Burnley,3,1,1,14,6,home
17/09/2021,,Newcastle United,Leeds,1,1,0,17,7,home
18/09/2021,,Wolverhampton,Brentford,0,2,-1,11,0,home
18/09/2021,,Burnley,Arsenal,0,1,-1,18,3,home
18/09/2021,,Liverpool,Crystal Palace,3,0,1,25,10,home
18/09/2021,,Manchester City,Southampton,0,0,0,18,1,home
18/09/2021,,Norwich,Watford,1,3,-1,12,5,home
18/09/2021,,Aston Villa,Everton,3,0,1,15,3,home
19/09/2021,,Brighton,Leicester,2,1,1,12,5,home
19/09/2021,,West Ham United,Manchester United,1,2,-1,13,4,home
19/09/2021,,Tottenham Hotspur,Chelsea,0,3,-1,8,2,home
25/09/2021,,Chelsea,Manchester City,0,1,-1,5,0,home
25/09/2021,,Manchester United,Aston Villa,0,1,-1,28,4,home
25/09/2021,,Everton,Norwich,2,0,1,11,4,home
25/09/2021,,Leeds,West Ham United,1,2,-1,15,5,home
25/09/2021,,Leicester,Burnley,2,2,0,22,5,home
25/09/2021,,Watford,Newcastle United,1,1,0,15,4,home
25/09/2021,,Brentford,Liverpool,3,3,0,12,4,home
26/09/2021,,Southampton,Wolverhampton,0,1,-1,18,6,home
26/09/2021,,Arsenal,Tottenham Hotspur,3,1,1,12,7,home
27/09/2021,,Crystal Palace,Brighton,1,1,0,8,3,home
02/10/2021,,Manchester United,Everton,1,1,0,13,6,home
02/10/2021,,Burnley,Norwich,0,0,0,14,4,home
02/10/2021,,Chelsea,Southampton,3,1,1,20,9,home
02/10/2021,,Leeds,Watford,1,0,1,20,4,home
02/10/2021,,Wolverhampton,Newcastle United,2,1,1,7,3,home
02/10/2021,,Brighton,Arsenal,0,0,0,21,2,home
03/10/2021,,Crystal Palace,Leicester,2,2,0,18,4,home
03/10/2021,,Tottenham Hotspur,Aston Villa,2,1,1,17,8,home
03/10/2021,,West Ham United,Brentford,1,2,-1,18,5,home
03/10/2021,,Liverpool,Manchester City,2,2,0,6,4,home
16/10/2021,,Watford,Liverpool,0,5,-1,6,2,home
16/10/2021,,Aston Villa,Wolverhampton,2,3,-1,14,5,home
16/10/2021,,Leicester,Manchester United,4,2,1,22,11,home
16/10/2021,,Manchester City,Burnley,2,0,1,15,6,home
16/10/2021,,Norwich,Brighton,0,0,0,15,3,home
16/10/2021,,Southampton,Leeds,1,0,1,19,5,home
16/10/2021,,Brentford,Chelsea,0,1,-1,17,7,home
17/10/2021,,Everton,West Ham United,0,1,-1,15,2,home
17/10/2021,,Newcastle United,Tottenham Hotspur,2,3,-1,7,1,home
18/10/2021,,Arsenal,Crystal Palace,2,2,0,17,6,home
22/10/2021,,Arsenal,Aston Villa,3,1,1,22,9,home
23/10/2021,,Chelsea,Norwich,7,0,1,23,13,home
23/10/2021,,Crystal Palace,Newcastle United,1,1,0,15,3,home
23/10/2021,,Everton,Watford,2,5,-1,15,4,home
23/10/2021,,Leeds,Wolverhampton,1,1,0,18,4,home
23/10/2021,,Southampton,Burnley,2,2,0,16,4,home
23/10/2021,,Brighton,Manchester City,1,4,-1,10,5,home
24/10/2021,,Brentford,Leicester,1,2,-1,15,5,home
24/10/2021,,West Ham United,Tottenham Hotspur,1,0,1,13,4,home
24/10/2021,,Manchester United,Liverpool,0,5,-1,12,4,home
30/10/2021,,Leicester,Arsenal,0,2,-1,16,8,home
30/10/2021,,Burnley,Brentford,3,1,1,15,6,home
30/10/2021,,Liverpool,Brighton,2,2,0,14,3,home
30/10/2021,,Manchester City,Crystal Palace,0,2,-1,14,3,home
30/10/2021,,Newcastle United,Chelsea,0,3,-1,6,1,home
30/10/2021,,Watford,Southampton,0,1,-1,10,4,home
30/10/2021,,Tottenham Hotspur,Manchester United,0,3,-1,9,0,home
31/10/2021,,Norwich,Leeds,1,2,-1,14,3,home
31/10/2021,,Aston Villa,West Ham United,1,4,-1,9,3,home
01/11/2021,,Wolverhampton,Everton,2,1,1,10,4,home
05/11/2021,,Southampton,Aston Villa,1,0,1,9,3,home
06/11/2021,,Manchester United,Manchester City,0,2,-1,5,1,home
06/11/2021,,Brentford,Norwich,1,2,-1,19,7,home
06/11/2021,,Chelsea,Burnley,1,1,0,25,4,home
06/11/2021,,Crystal Palace,Wolverhampton,2,0,1,13,6,home
06/11/2021,,Brighton,Newcastle United,1,1,0,14,5,home
07/11/2021,,Arsenal,Watford,1,0,1,14,6,home
07/11/2021,,Everton,Tottenham Hotspur,0,0,0,12,2,home
07/11/2021,,Leeds,Leicester,1,1,0,18,5,home
07/11/2021,,West Ham United,Liverpool,3,2,1,7,3,home
20/11/2021,,Leicester,Chelsea,0,3,-1,4,3,home
20/11/2021,,Aston Villa,Brighton,2,0,1,9,5,home
20/11/2021,,Burnley,Crystal Palace,3,3,0,15,9,home
20/11/2021,,Newcastle United,Brentford,3,3,0,23,9,home
20/11/2021,,Norwich,Southampton,2,1,1,8,4,home
20/11/2021,,Watford,Manchester United,4,1,1,20,7,home
20/11/2021,,Wolverhampton,West Ham United,1,0,1,15,5,home
20/11/2021,,Liverpool,Arsenal,4,0,1,19,9,home
21/11/2021,,Manchester City,Everton,3,0,1,17,7,home
21/11/2021,,Tottenham Hotspur,Leeds,2,1,1,13,4,home
27/11/2021,,Arsenal,Newcastle United,2,0,1,24,6,home
27/11/2021,,Crystal Palace,Aston Villa,1,2,-1,8,3,home
27/11/2021,,Liverpool,Southampton,4,0,1,20,6,home
27/11/2021,,Norwich,Wolverhampton,0,0,0,14,4,home
27/11/2021,,Brighton,Leeds,0,0,0,20,4,home
28/11/2021,,Brentford,Everton,1,0,1,6,4,home
28/11/2021,,Leicester,Watford,4,2,1,18,8,home
28/11/2021,,Manchester City,West Ham United,2,1,1,19,9,home
28/11/2021,,Chelsea,Manchester United,1,1,0,24,6,home
30/11/2021,,Newcastle United,Norwich,1,1,0,9,1,home
30/11/2021,,Leeds,Crystal Palace,1,0,1,15,3,home
01/12/2021,,Southampton,Leicester,2,2,0,15,7,home
01/12/2021,,Watford,Chelsea,1,2,-1,13,6,home
01/12/2021,,West Ham United,Brighton,1,1,0,14,6,home
01/12/2021,,Wolverhampton,Burnley,0,0,0,16,2,home
01/12/2021,,Aston Villa,Manchester City,1,2,-1,9,3,home
01/12/2021,,Everton,Liverpool,1,4,-1,8,2,home
02/12/2021,,Tottenham Hotspur,Brentford,2,0,1,11,6,home
02/12/2021,,Manchester United,Arsenal,3,2,1,14,10,home
04/12/2021,,West Ham United,Chelsea,3,2,1,11,5,home
04/12/2021,,Newcastle United,Burnley,1,0,1,19,4,home
04/12/2021,,Southampton,Brighton,1,1,0,14,4,home
04/12/2021,,Wolverhampton,Liverpool,0,1,-1,3,1,home
04/12/2021,,Watford,Manchester City,1,3,-1,11,4,home
05/12/2021,,Leeds,Brentford,2,2,0,13,6,home
05/12/2021,,Manchester United,Crystal Palace,1,0,1,16,3,home
05/12/2021,,Tottenham Hotspur,Norwich,3,0,1,17,7,home
05/12/2021,,Aston Villa,Leicester,2,1,1,13,4,home
06/12/2021,,Everton,Arsenal,2,1,1,11,5,home
10/12/2021,,Brentford,Watford,2,1,1,14,5,home
11/12/2021,,Manchester City,Wolverhampton,1,0,1,24,10,home
11/12/2021,,Arsenal,Southampton,3,0,1,15,5,home
11/12/2021,,Chelsea,Leeds,3,2,1,16,6,home
11/12/2021,,Liverpool,Aston Villa,1,0,1,20,5,home
11/12/2021,,Norwich,Manchester United,0,1,-1,11,5,home
12/12/2021,,Burnley,West Ham United,0,0,0,9,1,home
12/12/2021,,Leicester,Newcastle United,4,0,1,8,5,home
12/12/2021,,Crystal Palace,Everton,3,1,1,17,6,home
14/12/2021,,Norwich,Aston Villa,0,2,-1,7,3,home
14/12/2021,,Manchester City,Leeds,7,0,1,31,15,home
15/12/2021,,Brighton,Wolverhampton,0,1,-1,12,2,home
15/12/2021,,Crystal Palace,Southampton,2,2,0,9,6,home
15/12/2021,,Arsenal,West Ham United,2,0,1,21,8,home
16/12/2021,,Chelsea,Everton,1,1,0,23,10,home
16/12/2021,,Liverpool,Newcastle United,3,1,1,23,8,home
18/12/2021,,Leeds,Arsenal,1,4,-1,9,2,home
19/12/2021,,Newcastle United,Manchester City,0,4,-1,5,1,home
19/12/2021,,Wolverhampton,Chelsea,0,0,0,4,1,home
19/12/2021,,Tottenham Hotspur,Liverpool,2,2,0,10,5,home
26/12/2021,,Manchester City,Leicester,6,3,1,17,9,home
26/12/2021,,Norwich,Arsenal,0,5,-1,4,2,home
26/12/2021,,Tottenham Hotspur,Crystal Palace,3,0,1,17,6,home
26/12/2021,,West Ham United,Southampton,2,3,-1,11,5,home
26/12/2021,,Aston Villa,Chelsea,1,3,-1,8,1,home
26/12/2021,,Brighton,Brentford,2,0,1,15,5,home
27/12/2021,,Newcastle United,Manchester United,1,1,0,13,8,home
28/12/2021,,Crystal Palace,Norwich,3,0,1,19,6,home
28/12/2021,,Southampton,Tottenham Hotspur,1,1,0,9,2,home
28/12/2021,,Watford,West Ham United,1,4,-1,14,5,home
28/12/2021,,Leicester,Liverpool,1,0,1,6,1,home
29/12/2021,,Chelsea,Brighton,1,1,0,11,5,home
29/12/2021,,Brentford,Manchester City,0,1,-1,6,2,home
30/12/2021,,Manchester United,Burnley,3,1,1,18,6,home
01/01/2022,,Arsenal,Manchester City,1,2,-1,7,2,home
01/01/2022,,Watford,Tottenham Hotspur,0,1,-1,6,4,home
01/01/2022,,Crystal Palace,West Ham United,2,3,-1,22,6,home
02/01/2022,,Brentford,Aston Villa,2,1,1,10,4,home
02/01/2022,,Everton,Brighton,2,3,-1,17,6,home
02/01/2022,,Leeds,Burnley,3,1,1,22,7,home
02/01/2022,,Chelsea,Liverpool,2,2,0,15,6,home
03/01/2022,,Manchester United,Wolverhampton,0,1,-1,9,2,home
11/01/2022,,Southampton,Brentford,4,1,1,12,6,home
12/01/2022,,West Ham United,Norwich,2,0,1,13,5,home
14/01/2022,,Brighton,Crystal Palace,1,1,0,19,4,home
15/01/2022,,Manchester City,Chelsea,1,0,1,11,6,home
15/01/2022,,Newcastle United,Watford,1,1,0,12,1,home
15/01/2022,,Norwich,Everton,2,1,1,14,3,home
15/01/2022,,Wolverhampton,Southampton,3,1,1,9,5,home
15/01/2022,,Aston Villa,Manchester United,2,2,0,13,9,home
16/01/2022,,Liverpool,Brentford,3,0,1,27,13,home
16/01/2022,,West Ham United,Leeds,2,3,-1,15,5,home
18/01/2022,,Brighton,Chelsea,1,1,0,10,2,home
19/01/2022,,Leicester,Tottenham Hotspur,2,3,-1,14,4,home
19/01/2022,,Brentford,Manchester United,1,3,-1,18,8,home
21/01/2022,,Watford,Norwich,0,3,-1,15,4,home
22/01/2022,,Everton,Aston Villa,0,1,-1,15,1,home
22/01/2022,,Brentford,Wolverhampton,1,2,-1,11,1,home
22/01/2022,,Leeds,Newcastle United,0,1,-1,13,4,home
22/01/2022,,Manchester United,West Ham United,1,0,1,18,3,home
22/01/2022,,Southampton,Manchester City,1,1,0,7,3,home
23/01/2022,,Arsenal,Burnley,0,0,0,20,5,home
23/01/2022,,Crystal Palace,Liverpool,1,3,-1,8,5,home
23/01/2022,,Leicester,Brighton,1,1,0,15,5,home
23/01/2022,,Chelsea,Tottenham Hotspur,2,0,1,15,7,home
05/02/2022,,Burnley,Watford,0,0,0,13,2,home
08/02/2022,,Newcastle United,Everton,3,1,1,20,9,home
08/02/2022,,West Ham United,Watford,1,0,1,9,3,home
08/02/2022,,Burnley,Manchester United,1,1,0,9,3,home
09/02/2022,,Manchester City,Brentford,2,0,1,15,7,home
09/02/2022,,Norwich,Crystal Palace,1,1,0,5,1,home
09/02/2022,,Tottenham Hotspur,Southampton,2,3,-1,8,3,home
09/02/2022,,Aston Villa,Leeds,3,3,0,12,4,home
10/02/2022,,Liverpool,Leicester,2,0,1,22,11,home
10/02/2022,,Wolverhampton,Arsenal,0,1,-1,15,4,home
12/02/2022,,Manchester United,Southampton,1,1,0,12,8,home
12/02/2022,,Brentford,Crystal Palace,0,0,0,9,2,home
12/02/2022,,Everton,Leeds,3,0,1,21,10,home
12/02/2022,,Watford,Brighton,0,2,-1,9,1,home
12/02/2022,,Norwich,Manchester City,0,4,-1,8,3,home
13/02/2022,,Burnley,Liverpool,0,1,-1,8,5,home
13/02/2022,,Newcastle United,Aston Villa,1,0,1,10,2,home
13/02/2022,,Tottenham Hotspur,Wolverhampton,0,2,-1,17,7,home
13/02/2022,,Leicester,West Ham United,2,2,0,13,2,home
15/02/2022,,Manchester United,Brighton,2,0,1,19,7,home
19/02/2022,,West Ham United,Newcastle United,1,1,0,11,3,home
19/02/2022,,Arsenal,Brentford,2,1,1,24,8,home
19/02/2022,,Aston Villa,Watford,0,1,-1,20,1,home
19/02/2022,,Brighton,Burnley,0,3,-1,11,1,home
19/02/2022,,Crystal Palace,Chelsea,0,1,-1,7,0,home
19/02/2022,,Liverpool,Norwich,3,1,1,29,8,home
19/02/2022,,Southampton,Everton,2,0,1,19,11,home
19/02/2022,,Manchester City,Tottenham Hotspur,2,3,-1,21,4,home
20/02/2022,,Leeds,Manchester United,2,4,-1,16,6,home
20/02/2022,,Wolverhampton,Leicester,2,1,1,11,3,home
23/02/2022,,Burnley,Tottenham Hotspur,1,0,1,15,4,home
23/02/2022,,Watford,Crystal Palace,1,4,-1,8,1,home
23/02/2022,,Liverpool,Leeds,6,0,1,23,15,home
24/02/2022,,Arsenal,Wolverhampton,2,1,1,26,5,home
25/02/2022,,Southampton,Norwich,2,0,1,27,9,home
26/02/2022,,Leeds,Tottenham Hotspur,0,4,-1,19,3,home
26/02/2022,,Brentford,Newcastle United,0,2,-1,6,1,home
26/02/2022,,Crystal Palace,Burnley,1,1,0,11,4,home
26/02/2022,,Manchester United,Watford,0,0,0,22,3,home
26/02/2022,,Brighton,Aston Villa,0,2,-1,12,1,home
26/02/2022,,Everton,Manchester City,0,1,-1,6,2,home
27/02/2022,,West Ham United,Wolverhampton,1,0,1,13,4,home
01/03/2022,,Burnley,Leicester,0,2,-1,9,2,home
05/03/2022,,Leicester,Leeds,1,0,1,7,4,home
05/03/2022,,Aston Villa,Southampton,4,0,1,14,9,home
05/03/2022,,Burnley,Chelsea,0,4,-1,6,1,home
05/03/2022,,Newcastle United,Brighton,2,1,1,10,4,home
05/03/2022,,Norwich,Brentford,1,3,-1,15,7,home
05/03/2022,,Wolverhampton,Crystal Palace,0,2,-1,12,5,home
05/03/2022,,Liverpool,West Ham United,1,0,1,22,5,home
06/03/2022,,Watford,Arsenal,2,3,-1,13,7,home
06/03/2022,,Manchester City,Manchester United,4,1,1,24,10,home
07/03/2022,,Tottenham Hotspur,Everton,5,0,1,14,7,home
10/03/2022,,Norwich,Chelsea,1,3,-1,9,3,home
10/03/2022,,Southampton,Newcastle United,1,2,-1,14,5,home
10/03/2022,,Wolverhampton,Watford,4,0,1,10,5,home
10/03/2022,,Leeds,Aston Villa,0,3,-1,4,1,home
12/03/2022,,Brighton,Liverpool,0,2,-1,8,3,home
12/03/2022,,Brentford,Burnley,2,0,1,13,4,home
12/03/2022,,Manchester United,Tottenham Hotspur,3,2,1,10,6,home
13/03/2022,,Chelsea,Newcastle United,1,0,1,8,3,home
13/03/2022,,Everton,Wolverhampton,0,1,-1,8,2,home
13/03/2022,,Leeds,Norwich,2,1,1,13,7,home
13/03/2022,,Southampton,Watford,1,2,-1,13,7,home
13/03/2022,,West Ham United,Aston Villa,2,1,1,11,4,home
13/03/2022,,Arsenal,Leicester,2,0,1,21,8,home
14/03/2022,,Crystal Palace,Manchester City,0,0,0,7,1,home
16/03/2022,,Brighton,Tottenham Hotspur,0,2,-1,15,0,home
16/03/2022,,Arsenal,Liverpool,0,2,-1,9,2,home
17/03/2022,,Everton,Newcastle United,1,0,1,9,3,home
18/03/2022,,Wolverhampton,Leeds,2,3,-1,14,8,home
19/03/2022,,Aston Villa,Arsenal,0,1,-1,8,1,home
20/03/2022,,Leicester,Brentford,2,1,1,12,4,home
20/03/2022,,Tottenham Hotspur,West Ham United,3,1,1,17,4,home
02/04/2022,,Liverpool,Watford,2,0,1,20,3,home
02/04/2022,,Brighton,Norwich,0,0,0,31,4,home
02/04/2022,,Burnley,Manchester City,0,2,-1,3,1,home
02/04/2022,,Chelsea,Brentford,1,4,-1,21,8,home
02/04/2022,,Leeds,Southampton,1,1,0,12,3,home
02/04/2022,,Wolverhampton,Aston Villa,2,1,1,11,5,home
02/04/2022,,Manchester United,Leicester,1,1,0,11,5,home
03/04/2022,,West Ham United,Everton,2,1,1,11,5,home
03/04/2022,,Tottenham Hotspur,Newcastle United,5,1,1,19,6,home
04/04/2022,,Crystal Palace,Arsenal,3,0,1,6,5,home
06/04/2022,,Burnley,Everton,3,2,1,13,4,home
08/04/2022,,Newcastle United,Wolverhampton,1,0,1,12,4,home
09/04/2022,,Everton,Manchester United,1,0,1,7,3,home
09/04/2022,,Arsenal,Brighton,1,2,-1,20,4,home
09/04/2022,,Southampton,Chelsea,0,6,-1,4,1,home
09/04/2022,,Watford,Leeds,0,3,-1,8,1,home
09/04/2022,,Aston Villa,Tottenham Hotspur,0,4,-1,9,8,home
10/04/2022,,Brentford,West Ham United,2,0,1,15,7,home
10/04/2022,,Leicester,Crystal Palace,2,1,1,12,3,home
10/04/2022,,Norwich,Burnley,2,0,1,17,6,home
10/04/2022,,Manchester City,Liverpool,2,2,0,11,5,home
16/04/2022,,Tottenham Hotspur,Brighton,0,1,-1,5,0,home
16/04/2022,,Manchester United,Norwich,3,2,1,20,9,home
16/04/2022,,Southampton,Arsenal,1,0,1,9,3,home
16/04/2022,,Watford,Brentford,1,2,-1,17,4,home
17/04/2022,,Newcastle United,Leicester,2,1,1,16,7,home
17/04/2022,,West Ham United,Burnley,1,1,0,21,8,home
19/04/2022,,Liverpool,Manchester United,4,0,1,14,5,home
20/04/2022,,Chelsea,Arsenal,2,4,-1,11,2,home
20/04/2022,,Everton,Leicester,1,1,0,13,3,home
20/04/2022,,Newcastle United,Crystal Palace,1,0,1,13,4,home
20/04/2022,,Manchester City,Brighton,3,0,1,17,5,home
21/04/2022,,Burnley,Southampton,2,0,1,16,6,home
23/04/2022,,Arsenal,Manchester United,3,1,1,14,7,home
23/04/2022,,Leicester,Aston Villa,0,0,0,5,2,home
23/04/2022,,Manchester City,Watford,5,1,1,21,8,home
23/04/2022,,Norwich,Newcastle United,0,3,-1,5,2,home
23/04/2022,,Brentford,Tottenham Hotspur,0,0,0,15,2,home
24/04/2022,,Brighton,Southampton,2,2,0,8,5,home
24/04/2022,,Burnley,Wolverhampton,1,0,1,14,5,home
24/04/2022,,Chelsea,West Ham United,1,0,1,26,5,home
24/04/2022,,Liverpool,Everton,2,0,1,18,4,home
25/04/2022,,Crystal Palace,Leeds,0,0,0,17,7,home
28/04/2022,,Manchester United,Chelsea,1,1,0,6,3,home
30/04/2022,,Newcastle United,Liverpool,0,1,-1,4,2,home
30/04/2022,,Aston Villa,Norwich,2,0,1,21,6,home
30/04/2022,,Southampton,Crystal Palace,1,2,-1,8,3,home
30/04/2022,,Watford,Burnley,1,2,-1,13,1,home
30/04/2022,,Wolverhampton,Brighton,0,3,-1,11,1,home
30/04/2022,,Leeds,Manchester City,0,4,-1,7,2,home
01/05/2022,,Everton,Chelsea,1,0,1,9,4,home
01/05/2022,,Tottenham Hotspur,Leicester,3,1,1,13,7,home
01/05/2022,,West Ham United,Arsenal,1,2,-1,8,3,home
02/05/2022,,Manchester United,Brentford,3,0,1,9,5,home
07/05/2022,,Brentford,Southampton,3,0,1,18,5,home
07/05/2022,,Burnley,Aston Villa,1,3,-1,14,6,home
07/05/2022,,Chelsea,Wolverhampton,2,2,0,19,6,home
07/05/2022,,Crystal Palace,Watford,1,0,1,15,7,home
07/05/2022,,Brighton,Manchester United,4,0,1,17,6,home
07/05/2022,,Liverpool,Tottenham Hotspur,1,1,0,22,3,home
08/05/2022,,Arsenal,Leeds,2,1,1,19,9,home
08/05/2022,,Leicester,Everton,1,2,-1,16,9,home
08/05/2022,,Norwich,West Ham United,0,4,-1,8,2,home
08/05/2022,,Manchester City,Newcastle United,5,0,1,21,9,home
10/05/2022,,Aston Villa,Liverpool,1,2,-1,9,4,home
11/05/2022,,Leeds,Chelsea,0,3,-1,5,0,home
11/05/2022,,Leicester,Norwich,3,0,1,20,8,home
11/05/2022,,Watford,Everton,0,0,0,6,0,home
11/05/2022,,Wolverhampton,Manchester City,1,5,-1,7,3,home
12/05/2022,,Tottenham Hotspur,Arsenal,3,0,1,16,6,home
15/05/2022,,Tottenham Hotspur,Burnley,1,0,1,21,8,home
15/05/2022,,Aston Villa,Crystal Palace,1,1,0,13,4,home
15/05/2022,,Leeds,Brighton,1,1,0,19,5,home
15/05/2022,,Watford,Leicester,1,5,-1,13,5,home
15/05/2022,,West Ham United,Manchester City,2,2,0,6,2,home
15/05/2022,,Wolverhampton,Norwich,1,1,0,17,4,home
15/05/2022,,Everton,Brentford,2,3,-1,10,5,home
16/05/2022,,Newcastle United,Arsenal,2,0,1,16,4,home
17/05/2022,,Southampton,Liverpool,1,2,-1,4,2,home
19/05/2022,,Everton,Crystal Palace,3,2,1,12,6,home
19/05/2022,,Aston Villa,Burnley,1,1,0,22,9,home
19/05/2022,,Chelsea,Leicester,1,1,0,20,7,home
22/05/2022,,Arsenal,Everton,5,1,1,26,9,home
22/05/2022,,Brentford,Leeds,1,2,-1,14,5,home
22/05/2022,,Brighton,West Ham United,3,1,1,18,7,home
22/05/2022,,Burnley,Newcastle United,1,2,-1,12,5,home
22/05/2022,,Chelsea,Watford,2,1,1,19,8,home
22/05/2022,,Crystal Palace,Manchester United,1,0,1,6,3,home
22/05/2022,,Leicester,Southampton,4,1,1,12,6,home
22/05/2022,,Liverpool,Wolverhampton,3,1,1,29,8,home
22/05/2022,,Manchester City,Aston Villa,3,2,1,24,5,home
22/05/2022,,Norwich,Tottenham Hotspur,0,5,-1,9,0,home
05/08/2022,20:00,Arsenal,Crystal Palace,2,0,1,10,2,away
06/08/2022,12:30,Liverpool,Fulham,2,2,0,11,4,away
06/08/2022,15:00,Aston Villa,Bournemouth,0,2,-1,15,2,away
06/08/2022,15:00,Wolverhampton,Leeds,1,2,-1,15,6,away
06/08/2022,15:00,Nottingham Forest,Newcastle United,0,2,-1,5,0,away
06/08/2022,15:00,Southampton,Tottenham Hotspur,1,4,-1,10,2,away
06/08/2022,17:30,Chelsea,Everton,1,0,1,15,6,away
07/08/2022,14:00,Brentford,Leicester,2,2,0,8,3,away
07/08/2022,14:00,Brighton,Manchester United,2,1,1,15,4,away
07/08/2022,16:30,Manchester City,West Ham United,2,0,1,14,2,away
13/08/2022,12:30,Everton,Aston Villa,1,2,-1,15,4,away
13/08/2022,15:00,Leicester,Arsenal,2,4,-1,6,2,away
13/08/2022,15:00,Newcastle United,Brighton,0,0,0,4,1,away
13/08/2022,15:00,Bournemouth,Manchester City,0,4,-1,3,1,away
13/08/2022,15:00,Leeds,Southampton,2,2,0,13,5,away
13/08/2022,15:00,Fulham,Wolverhampton,0,0,0,9,3,away
13/08/2022,17:30,Manchester United,Brentford,0,4,-1,15,4,away
14/08/2022,14:00,West Ham United,Nottingham Forest,0,1,-1,19,5,away
14/08/2022,16:30,Tottenham Hotspur,Chelsea,2,2,0,10,5,away
15/08/2022,20:00,Crystal Palace,Liverpool,1,1,0,7,3,away
20/08/2022,12:30,Wolverhampton,Tottenham Hotspur,0,1,-1,20,3,away
20/08/2022,15:00,Aston Villa,Crystal Palace,1,3,-1,13,5,away
20/08/2022,15:00,Nottingham Forest,Everton,1,1,0,14,5,away
20/08/2022,15:00,Brentford,Fulham,2,3,-1,13,5,away
20/08/2022,15:00,Southampton,Leicester,2,1,1,9,3,away
20/08/2022,17:30,Arsenal,Bournemouth,3,0,1,14,6,away
21/08/2022,14:00,Chelsea,Leeds,0,3,-1,14,3,away
21/08/2022,14:00,Brighton,West Ham United,2,0,1,11,2,away
21/08/2022,16:30,Manchester City,Newcastle United,3,3,0,21,10,away
22/08/2022,20:00,Liverpool,Manchester United,1,2,-1,17,5,away
27/08/2022,12:30,Manchester United,Southampton,1,0,1,11,6,away
27/08/2022,15:00,Everton,Brentford,1,1,0,14,7,away
27/08/2022,15:00,Leeds,Brighton,0,1,-1,10,2,away
27/08/2022,15:00,Leicester,Chelsea,1,2,-1,17,5,away
27/08/2022,15:00,Bournemouth,Liverpool,0,9,-1,5,2,away
27/08/2022,15:00,Crystal Palace,Manchester City,2,4,-1,2,2,away
27/08/2022,17:30,Fulham,Arsenal,1,2,-1,11,3,away
28/08/2022,14:00,West Ham United,Aston Villa,1,0,1,7,2,away
28/08/2022,14:00,Newcastle United,Wolverhampton,1,1,0,21,6,away
28/08/2022,16:30,Tottenham Hotspur,Nottingham Forest,2,0,1,18,7,away
30/08/2022,19:30,Brentford,Crystal Palace,1,1,0,9,3,away
30/08/2022,19:30,Brighton,Fulham,1,2,-1,7,4,away
30/08/2022,19:45,Chelsea,Southampton,1,2,-1,10,4,away
30/08/2022,20:00,Everton,Leeds,1,1,0,7,2,away
31/08/2022,19:30,Aston Villa,Arsenal,1,2,-1,4,3,away
31/08/2022,19:30,Wolverhampton,Bournemouth,0,0,0,17,4,away
31/08/2022,19:30,Nottingham Forest,Manchester City,0,6,-1,8,1,away
31/08/2022,19:45,Tottenham Hotspur,West Ham United,1,1,0,13,4,away
31/08/2022,20:00,Newcastle United,Liverpool,1,2,-1,5,2,away
01/09/2022,20:00,Manchester United,Leicester,1,0,1,9,2,away
03/09/2022,12:30,Liverpool,Everton,0,0,0,23,8,away
03/09/2022,15:00,Leeds,Brentford,2,5,-1,17,6,away
03/09/2022,15:00,West Ham United,Chelsea,1,2,-1,6,3,away
03/09/2022,15:00,Crystal Palace,Newcastle United,0,0,0,19,9,away
03/09/2022,15:00,Bournemouth,Nottingham Forest,3,2,1,8,3,away
03/09/2022,15:00,Fulham,Tottenham Hotspur,1,2,-1,9,3,away
03/09/2022,15:00,Southampton,Wolverhampton,0,1,-1,12,1,away
03/09/2022,17:30,Manchester City,Aston Villa,1,1,0,13,4,away
04/09/2022,14:00,Leicester,Brighton,2,5,-1,6,4,away
04/09/2022,16:30,Arsenal,Manchester United,1,3,-1,16,3,away
16/09/2022,20:00,Southampton,Aston Villa,0,1,-1,7,1,away
16/09/2022,20:00,Fulham,Nottingham Forest,3,2,1,15,7,away
17/09/2022,12:30,Manchester City,Wolverhampton,3,0,1,16,7,away
17/09/2022,15:00,Bournemouth,Newcastle United,1,1,0,10,3,away
17/09/2022,17:30,Leicester,Tottenham Hotspur,2,6,-1,19,7,away
18/09/2022,12:00,Arsenal,Brentford,3,0,1,13,7,away
18/09/2022,14:15,West Ham United,Everton,0,1,-1,14,4,away
01/10/2022,12:30,Tottenham Hotspur,Arsenal,1,3,-1,7,3,away
01/10/2022,15:00,Brentford,Bournemouth,0,0,0,13,4,away
01/10/2022,15:00,Chelsea,Crystal Palace,2,1,1,13,3,away
01/10/2022,15:00,Newcastle United,Fulham,4,1,1,19,10,away
01/10/2022,15:00,Brighton,Liverpool,3,3,0,6,6,away
01/10/2022,15:00,Everton,Southampton,2,1,1,12,5,away
01/10/2022,17:30,Wolverhampton,West Ham United,0,2,-1,15,4,away
02/10/2022,14:00,Manchester United,Manchester City,3,6,-1,12,8,away
02/10/2022,16:30,Aston Villa,Leeds,0,0,0,19,7,away
03/10/2022,20:00,Nottingham Forest,Leicester,0,4,-1,10,3,away
08/10/2022,15:00,Leicester,Bournemouth,1,2,-1,9,5,away
08/10/2022,15:00,Wolverhampton,Chelsea,0,3,-1,8,2,away
08/10/2022,15:00,Southampton,Manchester City,0,4,-1,5,0,away
08/10/2022,15:00,Brentford,Newcastle United,1,5,-1,6,3,away
08/10/2022,17:30,Tottenham Hotspur,Brighton,1,0,1,8,3,away
09/10/2022,14:00,Leeds,Crystal Palace,1,2,-1,10,4,away
09/10/2022,14:00,Fulham,West Ham United,1,3,-1,8,2,away
09/10/2022,16:30,Liverpool,Arsenal,2,3,-1,8,3,away
09/10/2022,19:00,Manchester United,Everton,2,1,1,12,4,away
10/10/2022,20:00,Aston Villa,Nottingham Forest,1,1,0,12,2,away
14/10/2022,20:00,Brighton,Brentford,0,2,-1,21,7,away
15/10/2022,12:30,Crystal Palace,Leicester,0,0,0,8,1,away
15/10/2022,15:00,Bournemouth,Fulham,2,2,0,10,6,away
15/10/2022,15:00,Nottingham Forest,Wolverhampton,0,1,-1,10,2,away
15/10/2022,17:30,Everton,Tottenham Hotspur,0,2,-1,4,0,away
16/10/2022,14:00,Chelsea,Aston Villa,2,0,1,8,4,away
16/10/2022,14:00,Arsenal,Leeds,1,0,1,9,4,away
16/10/2022,14:00,Newcastle United,Manchester United,0,0,0,9,2,away
16/10/2022,14:00,West Ham United,Southampton,1,1,0,25,4,away
16/10/2022,16:30,Manchester City,Liverpool,0,1,-1,16,6,away
18/10/2022,19:30,Nottingham Forest,Brighton,0,0,0,3,0,away
18/10/2022,20:15,Wolverhampton,Crystal Palace,1,2,-1,10,4,away
19/10/2022,19:30,Southampton,Bournemouth,1,0,1,9,3,away
19/10/2022,19:30,Chelsea,Brentford,0,0,0,14,5,away
19/10/2022,19:30,West Ham United,Liverpool,0,1,-1,8,3,away
19/10/2022,19:30,Everton,Newcastle United,0,1,-1,1,0,away
19/10/2022,20:15,Tottenham Hotspur,Manchester United,0,2,-1,9,2,away
20/10/2022,19:30,Aston Villa,Fulham,0,3,-1,12,6,away
20/10/2022,20:15,Leeds,Leicester,0,2,-1,14,2,away
22/10/2022,12:30,Liverpool,Nottingham Forest,0,1,-1,15,7,away
22/10/2022,15:00,Crystal Palace,Everton,0,3,-1,9,2,away
22/10/2022,15:00,Brighton,Manchester City,1,3,-1,8,2,away
22/10/2022,17:30,Manchester United,Chelsea,1,1,0,13,6,away
23/10/2022,14:00,Brentford,Aston Villa,0,4,-1,12,3,away
23/10/2022,14:00,Fulham,Leeds,3,2,1,11,5,away
23/10/2022,14:00,Arsenal,Southampton,1,1,0,12,3,away
23/10/2022,14:00,Leicester,Wolverhampton,4,0,1,5,4,away
23/10/2022,16:30,Newcastle United,Tottenham Hotspur,2,1,1,13,5,away
24/10/2022,20:00,Bournemouth,West Ham United,0,2,-1,5,3,away
29/10/2022,12:30,Manchester City,Leicester,1,0,1,15,5,away
29/10/2022,15:00,Tottenham Hotspur,Bournemouth,3,2,1,23,7,away
29/10/2022,15:00,Wolverhampton,Brentford,1,1,0,14,4,away
29/10/2022,15:00,Chelsea,Brighton,1,4,-1,15,7,away
29/10/2022,15:00,Southampton,Crystal Palace,0,1,-1,14,4,away
29/10/2022,15:00,Aston Villa,Newcastle United,0,4,-1,3,0,away
29/10/2022,17:30,Everton,Fulham,0,0,0,9,4,away
29/10/2022,19:45,Leeds,Liverpool,2,1,1,14,6,away
30/10/2022,14:00,Nottingham Forest,Arsenal,0,5,-1,5,2,away
30/10/2022,16:15,West Ham United,Manchester United,0,1,-1,13,5,away
05/11/2022,15:00,Bournemouth,Leeds,3,4,-1,9,6,away
05/11/2022,15:00,Fulham,Manchester City,1,2,-1,4,2,away
05/11/2022,15:00,Brentford,Nottingham Forest,2,2,0,6,2,away
05/11/2022,15:00,Brighton,Wolverhampton,3,2,1,19,8,away
05/11/2022,17:30,Leicester,Everton,2,0,1,22,8,away
06/11/2022,12:00,Arsenal,Chelsea,1,0,1,14,2,away
06/11/2022,14:00,Manchester United,Aston Villa,1,3,-1,8,3,away
06/11/2022,14:00,Newcastle United,Southampton,4,1,1,7,4,away
06/11/2022,14:00,Crystal Palace,West Ham United,2,1,1,15,6,away
06/11/2022,16:30,Liverpool,Tottenham Hotspur,2,1,1,13,6,away
12/11/2022,12:30,Brentford,Manchester City,2,1,1,10,8,away
12/11/2022,15:00,Everton,Bournemouth,0,3,-1,15,3,away
12/11/2022,15:00,Southampton,Liverpool,1,3,-1,9,5,away
12/11/2022,15:00,Crystal Palace,Nottingham Forest,0,1,-1,8,0,away
12/11/2022,15:00,Leeds,Tottenham Hotspur,3,4,-1,12,5,away
12/11/2022,15:00,Leicester,West Ham United,2,0,1,9,6,away
12/11/2022,17:30,Chelsea,Newcastle United,0,1,-1,5,2,away
12/11/2022,19:45,Arsenal,Wolverhampton,2,0,1,14,4,away
13/11/2022,14:00,Aston Villa,Brighton,2,1,1,8,2,away
13/11/2022,16:30,Manchester United,Fulham,2,1,1,14,9,away
26/12/2022,12:30,Tottenham Hotspur,Brentford,2,2,0,16,8,away
26/12/2022,15:00,Fulham,Crystal Palace,3,0,1,23,11,away
26/12/2022,15:00,Wolverhampton,Everton,2,1,1,7,4,away
26/12/2022,15:00,Newcastle United,Leicester,3,0,1,12,5,away
26/12/2022,15:00,Brighton,Southampton,3,1,1,7,4,away
26/12/2022,17:30,Liverpool,Aston Villa,3,1,1,16,9,away
26/12/2022,20:00,West Ham United,Arsenal,1,3,-1,8,4,away
27/12/2022,17:30,Bournemouth,Chelsea,0,2,-1,9,4,away
27/12/2022,20:00,Nottingham Forest,Manchester United,0,3,-1,8,3,away
28/12/2022,20:00,Manchester City,Leeds,3,1,1,26,9,away
30/12/2022,19:45,Brentford,West Ham United,2,0,1,9,6,away
30/12/2022,20:00,Leicester,Liverpool,1,2,-1,7,2,away
31/12/2022,12:30,Manchester United,Wolverhampton,1,0,1,16,6,away
31/12/2022,15:00,Crystal Palace,Bournemouth,2,0,1,15,6,away
31/12/2022,15:00,Southampton,Fulham,1,2,-1,9,3,away
31/12/2022,15:00,Everton,Manchester City,1,1,0,2,1,away
31/12/2022,15:00,Leeds,Newcastle United,0,0,0,8,1,away
31/12/2022,17:30,Arsenal,Brighton,4,2,1,14,7,away
01/01/2023,14:00,Aston Villa,Tottenham Hotspur,2,0,1,13,4,away
01/01/2023,16:30,Chelsea,Nottingham Forest,1,1,0,7,2,away
02/01/2023,17:30,Liverpool,Brentford,1,3,-1,16,6,away
03/01/2023,19:45,Newcastle United,Arsenal,0,0,0,8,1,away
03/01/2023,19:45,Brighton,Everton,4,1,1,19,8,away
03/01/2023,19:45,Fulham,Leicester,1,0,1,11,2,away
03/01/2023,20:00,Bournemouth,Manchester United,0,3,-1,7,4,away
04/01/2023,19:30,Nottingham Forest,Southampton,1,0,1,11,1,away
04/01/2023,19:45,West Ham United,Leeds,2,2,0,15,2,away
04/01/2023,20:00,Wolverhampton,Aston Villa,1,1,0,10,3,away
04/01/2023,20:00,Tottenham Hotspur,Crystal Palace,4,0,1,14,6,away
05/01/2023,20:00,Manchester City,Chelsea,1,0,1,12,3,away
12/01/2023,20:00,Chelsea,Fulham,1,2,-1,20,10,away
13/01/2023,20:00,Leeds,Aston Villa,1,2,-1,16,4,away
14/01/2023,12:30,Manchester City,Manchester United,1,2,-1,5,1,away
14/01/2023,15:00,Liverpool,Brighton,0,3,-1,6,2,away
14/01/2023,15:00,Southampton,Everton,2,1,1,13,5,away
14/01/2023,15:00,Leicester,Nottingham Forest,0,2,-1,6,1,away
14/01/2023,15:00,West Ham United,Wolverhampton,0,1,-1,16,4,away
14/01/2023,17:30,Bournemouth,Brentford,0,2,-1,7,2,away
15/01/2023,14:00,Crystal Palace,Chelsea,0,1,-1,10,5,away
15/01/2023,14:00,Fulham,Newcastle United,0,1,-1,5,0,away
15/01/2023,16:30,Arsenal,Tottenham Hotspur,2,0,1,14,5,away
18/01/2023,20:00,Manchester United,Crystal Palace,1,1,0,15,4,away
19/01/2023,20:00,Tottenham Hotspur,Manchester City,2,4,-1,9,3,away
21/01/2023,12:30,Chelsea,Liverpool,0,0,0,11,2,away
21/01/2023,15:00,Nottingham Forest,Bournemouth,1,1,0,20,5,away
21/01/2023,15:00,Brighton,Leicester,2,2,0,13,4,away
21/01/2023,15:00,Aston Villa,Southampton,1,0,1,16,5,away
21/01/2023,15:00,Everton,West Ham United,0,2,-1,5,2,away
21/01/2023,17:30,Newcastle United,Crystal Palace,0,0,0,16,7,away
22/01/2023,14:00,Brentford,Leeds,0,0,0,6,0,away
22/01/2023,14:00,Wolverhampton,Manchester City,0,3,-1,10,1,away
22/01/2023,16:30,Manchester United,Arsenal,2,3,-1,6,4,away
23/01/2023,20:00,Tottenham Hotspur,Fulham,1,0,1,10,3,away
03/02/2023,20:00,Fulham,Chelsea,0,0,0,10,4,away
04/02/2023,12:30,Arsenal,Everton,0,1,-1,15,3,away
04/02/2023,15:00,Leicester,Aston Villa,4,2,1,9,5,away
04/02/2023,15:00,Southampton,Brentford,0,3,-1,14,6,away
04/02/2023,15:00,Bournemouth,Brighton,0,1,-1,12,2,away
04/02/2023,15:00,Crystal Palace,Manchester United,1,2,-1,10,3,away
04/02/2023,15:00,Liverpool,Wolverhampton,0,3,-1,22,4,away
04/02/2023,17:30,West Ham United,Newcastle United,1,1,0,10,1,away
05/02/2023,14:00,Leeds,Nottingham Forest,0,1,-1,10,4,away
05/02/2023,16:30,Manchester City,Tottenham Hotspur,0,1,-1,15,5,away
08/02/2023,20:00,Leeds,Manchester United,2,2,0,8,2,away
11/02/2023,12:30,Chelsea,West Ham United,1,1,0,12,4,away
11/02/2023,15:00,Brentford,Arsenal,1,1,0,9,2,away
11/02/2023,15:00,Brighton,Crystal Palace,1,1,0,17,7,away
11/02/2023,15:00,Nottingham Forest,Fulham,0,2,-1,10,1,away
11/02/2023,15:00,Tottenham Hotspur,Leicester,1,4,-1,11,4,away
11/02/2023,15:00,Wolverhampton,Southampton,2,1,1,11,2,away
11/02/2023,17:30,Newcastle United,Bournemouth,1,1,0,15,7,away
12/02/2023,14:00,Manchester United,Leeds,2,0,1,11,5,away
12/02/2023,16:30,Aston Villa,Manchester City,1,3,-1,6,2,away
13/02/2023,20:00,Everton,Liverpool,0,2,-1,6,1,away
15/02/2023,19:30,Manchester City,Arsenal,3,1,1,9,6,away
18/02/2023,12:30,Arsenal,Aston Villa,4,2,1,20,5,away
18/02/2023,15:00,Crystal Palace,Brentford,1,1,0,10,4,away
18/02/2023,15:00,Fulham,Brighton,1,0,1,5,2,away
18/02/2023,15:00,Southampton,Chelsea,1,0,1,8,5,away
18/02/2023,15:00,Leeds,Everton,0,1,-1,8,0,away
18/02/2023,15:00,Manchester City,Nottingham Forest,1,1,0,26,6,away
18/02/2023,15:00,Bournemouth,Wolverhampton,1,0,1,5,1,away
18/02/2023,17:30,Liverpool,Newcastle United,2,0,1,13,7,away
19/02/2023,14:00,Leicester,Manchester United,0,3,-1,19,3,away
19/02/2023,16:30,West Ham United,Tottenham Hotspur,0,2,-1,6,1,away
24/02/2023,20:00,Wolverhampton,Fulham,1,1,0,8,2,away
25/02/2023,15:00,Aston Villa,Everton,2,0,1,9,5,away
25/02/2023,15:00,Southampton,Leeds,0,1,-1,8,2,away
25/02/2023,15:00,Arsenal,Leicester,1,0,1,10,2,away
25/02/2023,15:00,Nottingham Forest,West Ham United,0,4,-1,8,3,away
25/02/2023,17:30,Manchester City,Bournemouth,4,1,1,20,5,away
25/02/2023,19:45,Liverpool,Crystal Palace,0,0,0,12,4,away
26/02/2023,13:30,Chelsea,Tottenham Hotspur,0,2,-1,10,2,away
01/03/2023,19:45,Everton,Arsenal,0,4,-1,8,5,away
01/03/2023,20:00,Wolverhampton,Liverpool,0,2,-1,4,1,away
04/03/2023,12:30,Newcastle United,Manchester City,0,2,-1,5,2,away
04/03/2023,15:00,Bournemouth,Arsenal,2,3,-1,4,4,away
04/03/2023,15:00,Crystal Palace,Aston Villa,0,1,-1,3,0,away
04/03/2023,15:00,West Ham United,Brighton,0,4,-1,3,2,away
04/03/2023,15:00,Leeds,Chelsea,0,1,-1,11,2,away
04/03/2023,15:00,Tottenham Hotspur,Wolverhampton,0,1,-1,21,6,away
04/03/2023,17:30,Leicester,Southampton,0,1,-1,11,0,away
05/03/2023,14:00,Everton,Nottingham Forest,2,2,0,10,3,away
05/03/2023,16:30,Manchester United,Liverpool,0,7,-1,8,4,away
06/03/2023,20:00,Fulham,Brentford,2,3,-1,9,5,away
11/03/2023,12:30,Liverpool,Bournemouth,0,1,-1,15,6,away
11/03/2023,15:00,Brentford,Everton,0,1,-1,12,4,away
11/03/2023,15:00,Brighton,Leeds,2,2,0,14,2,away
11/03/2023,15:00,Chelsea,Leicester,3,1,1,12,6,away
11/03/2023,15:00,Nottingham Forest,Tottenham Hotspur,1,3,-1,9,5,away
11/03/2023,17:30,Manchester City,Crystal Palace,1,0,1,14,4,away
12/03/2023,14:00,Arsenal,Fulham,3,0,1,15,7,away
12/03/2023,14:00,Southampton,Manchester United,0,0,0,17,4,away
12/03/2023,14:00,Aston Villa,West Ham United,1,1,0,12,4,away
12/03/2023,16:30,Wolverhampton,Newcastle United,1,2,-1,7,4,away
15/03/2023,19:30,Crystal Palace,Brighton,0,1,-1,11,3,away
15/03/2023,19:30,Brentford,Southampton,2,0,1,11,5,away
17/03/2023,20:00,Newcastle United,Nottingham Forest,2,1,1,15,4,away
18/03/2023,15:00,Bournemouth,Aston Villa,0,3,-1,10,3,away
18/03/2023,15:00,Leicester,Brentford,1,1,0,14,1,away
18/03/2023,15:00,Tottenham Hotspur,Southampton,3,3,0,17,3,away
18/03/2023,15:00,Leeds,Wolverhampton,4,2,1,11,4,away
18/03/2023,17:30,Everton,Chelsea,2,2,0,12,3,away
19/03/2023,14:00,Crystal Palace,Arsenal,1,4,-1,8,4,away
01/04/2023,12:30,Liverpool,Manchester City,1,4,-1,4,1,away
01/04/2023,15:00,Leeds,Arsenal,1,4,-1,7,5,away
01/04/2023,15:00,Fulham,Bournemouth,1,2,-1,10,2,away
01/04/2023,15:00,Brentford,Brighton,3,3,0,7,5,away
01/04/2023,15:00,Leicester,Crystal Palace,1,2,-1,3,2,away
01/04/2023,15:00,Wolverhampton,Nottingham Forest,1,1,0,8,1,away
01/04/2023,17:30,Aston Villa,Chelsea,2,0,1,5,2,away
02/04/2023,14:00,Southampton,West Ham United,0,1,-1,9,3,away
02/04/2023,16:30,Manchester United,Newcastle United,0,2,-1,6,1,away
03/04/2023,20:00,Tottenham Hotspur,Everton,1,1,0,8,2,away
04/04/2023,19:45,Brighton,Bournemouth,2,0,1,16,6,away
04/04/2023,19:45,Nottingham Forest,Leeds,1,2,-1,13,1,away
04/04/2023,19:45,Aston Villa,Leicester,2,1,1,15,5,away
04/04/2023,20:00,Liverpool,Chelsea,0,0,0,7,4,away
05/04/2023,20:00,Brentford,Manchester United,0,1,-1,6,1,away
05/04/2023,20:00,Newcastle United,West Ham United,5,1,1,15,8,away
08/04/2023,12:30,Everton,Manchester United,0,2,-1,15,1,away
08/04/2023,15:00,Nottingham Forest,Aston Villa,0,2,-1,6,2,away
08/04/2023,15:00,Newcastle United,Brentford,2,1,1,10,4,away
08/04/2023,15:00,West Ham United,Fulham,1,0,1,9,5,away
08/04/2023,15:00,Bournemouth,Leicester,1,0,1,19,7,away
08/04/2023,15:00,Brighton,Tottenham Hotspur,1,2,-1,17,4,away
08/04/2023,15:00,Chelsea,Wolverhampton,0,1,-1,13,1,away
08/04/2023,17:30,Manchester City,Southampton,4,1,1,13,8,away
09/04/2023,14:00,Crystal Palace,Leeds,5,1,1,16,8,away
09/04/2023,16:30,Arsenal,Liverpool,2,2,0,9,5,away
15/04/2023,12:30,Newcastle United,Aston Villa,0,3,-1,8,2,away
15/04/2023,15:00,Brighton,Chelsea,2,1,1,26,10,away
15/04/2023,15:00,Fulham,Everton,3,1,1,21,7,away
15/04/2023,15:00,Crystal Palace,Southampton,2,0,1,9,2,away
15/04/2023,15:00,Bournemouth,Tottenham Hotspur,3,2,1,6,6,away
15/04/2023,15:00,Brentford,Wolverhampton,0,2,-1,10,3,away
15/04/2023,17:30,Leicester,Manchester City,1,3,-1,10,4,away
16/04/2023,14:00,Arsenal,West Ham United,2,2,0,11,5,away
16/04/2023,16:30,Manchester United,Nottingham Forest,2,0,1,22,8,away
17/04/2023,20:00,Liverpool,Leeds,6,1,1,13,7,away
21/04/2023,20:00,Southampton,Arsenal,3,3,0,8,6,away
22/04/2023,12:30,Leeds,Fulham,1,2,-1,10,2,away
22/04/2023,15:00,Aston Villa,Brentford,1,1,0,14,2,away
22/04/2023,15:00,Everton,Crystal Palace,0,0,0,10,5,away
22/04/2023,15:00,Wolverhampton,Leicester,1,2,-1,16,3,away
22/04/2023,15:00,Nottingham Forest,Liverpool,2,3,-1,11,5,away
23/04/2023,14:00,West Ham United,Bournemouth,4,0,1,18,10,away
23/04/2023,14:00,Tottenham Hotspur,Newcastle United,1,6,-1,11,3,away
25/04/2023,19:30,Crystal Palace,Wolverhampton,0,2,-1,14,4,away
25/04/2023,19:45,Fulham,Aston Villa,0,1,-1,1,0,away
25/04/2023,20:00,Leicester,Leeds,1,1,0,15,3,away
26/04/2023,19:30,Brighton,Nottingham Forest,1,3,-1,17,7,away
26/04/2023,19:45,Brentford,Chelsea,2,0,1,7,1,away
26/04/2023,19:45,Liverpool,West Ham United,2,1,1,20,4,away
26/04/2023,20:00,Arsenal,Manchester City,1,4,-1,8,2,away
27/04/2023,19:45,Newcastle United,Everton,4,1,1,15,8,away
27/04/2023,19:45,Bournemouth,Southampton,1,0,1,16,2,away
27/04/2023,20:15,Manchester United,Tottenham Hotspur,2,2,0,17,8,away
29/04/2023,12:30,West Ham United,Crystal Palace,3,4,-1,8,4,away
29/04/2023,15:00,Nottingham Forest,Brentford,1,2,-1,5,3,away
29/04/2023,15:00,Wolverhampton,Brighton,0,6,-1,10,2,away
30/04/2023,14:00,Leeds,Bournemouth,1,4,-1,15,6,away
30/04/2023,14:00,Manchester City,Fulham,2,1,1,12,9,away
30/04/2023,14:00,Aston Villa,Manchester United,0,1,-1,7,1,away
30/04/2023,14:00,Southampton,Newcastle United,1,3,-1,4,3,away
30/04/2023,16:30,Tottenham Hotspur,Liverpool,3,4,-1,10,7,away
01/05/2023,20:00,Everton,Leicester,2,2,0,23,8,away
02/05/2023,20:00,Chelsea,Arsenal,1,3,-1,7,4,away
03/05/2023,20:00,Fulham,Liverpool,0,1,-1,9,3,away
03/05/2023,20:00,West Ham United,Manchester City,0,3,-1,6,2,away
04/05/2023,20:00,Manchester United,Brighton,0,1,-1,16,5,away
06/05/2023,15:00,Chelsea,Bournemouth,3,1,1,11,5,away
06/05/2023,15:00,Leeds,Manchester City,1,2,-1,4,2,away
06/05/2023,15:00,Crystal Palace,Tottenham Hotspur,0,1,-1,7,2,away
06/05/2023,15:00,Aston Villa,Wolverhampton,0,1,-1,16,3,away
06/05/2023,17:30,Brentford,Liverpool,0,1,-1,5,1,away
07/05/2023,16:30,Arsenal,Newcastle United,2,0,1,10,6,away
07/05/2023,19:00,Manchester United,West Ham United,0,1,-1,19,4,away
08/05/2023,15:00,Leicester,Fulham,3,5,-1,18,9,away
08/05/2023,17:30,Everton,Brighton,5,1,1,10,5,away
08/05/2023,20:00,Southampton,Nottingham Forest,3,4,-1,19,5,away
13/05/2023,12:30,Newcastle United,Leeds,2,2,0,18,5,away
13/05/2023,15:00,Tottenham Hotspur,Aston Villa,1,2,-1,5,2,away
13/05/2023,15:00,Nottingham Forest,Chelsea,2,2,0,11,2,away
13/05/2023,15:00,Bournemouth,Crystal Palace,0,2,-1,5,0,away
13/05/2023,15:00,Wolverhampton,Manchester United,0,2,-1,5,0,away
13/05/2023,15:00,Fulham,Southampton,2,0,1,9,4,away
14/05/2023,14:00,West Ham United,Brentford,0,2,-1,4,4,away
14/05/2023,14:00,Manchester City,Everton,3,0,1,9,4,away
14/05/2023,16:30,Brighton,Arsenal,3,0,1,12,6,away
15/05/2023,20:00,Liverpool,Leicester,3,0,1,16,5,away
18/05/2023,19:30,Brighton,Newcastle United,1,4,-1,8,2,away
20/05/2023,12:30,Brentford,Tottenham Hotspur,3,1,1,11,4,away
20/05/2023,15:00,Manchester United,Bournemouth,1,0,1,20,5,away
20/05/2023,15:00,Crystal Palace,Fulham,2,2,0,11,5,away
20/05/2023,15:00,Aston Villa,Liverpool,1,1,0,6,3,away
20/05/2023,15:00,Everton,Wolverhampton,1,1,0,19,4,away
20/05/2023,17:30,Arsenal,Nottingham Forest,0,1,-1,11,3,away
21/05/2023,13:30,Leeds,West Ham United,1,3,-1,12,3,away
21/05/2023,14:00,Southampton,Brighton,1,3,-1,5,1,away
21/05/2023,16:00,Chelsea,Manchester City,0,1,-1,13,6,away
22/05/2023,20:00,Leicester,Newcastle United,0,0,0,1,1,away
24/05/2023,20:00,Manchester City,Brighton,1,1,0,13,4,away
25/05/2023,20:00,Chelsea,Manchester United,1,4,-1,14,5,away
28/05/2023,16:30,Wolverhampton,Arsenal,0,5,-1,6,0,away
28/05/2023,16:30,Brighton,Aston Villa,1,2,-1,8,4,away
28/05/2023,16:30,Manchester City,Brentford,0,1,-1,17,3,away
28/05/2023,16:30,Newcastle United,Chelsea,1,1,0,13,4,away
28/05/2023,16:30,Nottingham Forest,Crystal Palace,1,1,0,7,4,away
28/05/2023,16:30,Bournemouth,Everton,0,1,-1,7,2,away
28/05/2023,16:30,Tottenham Hotspur,Leeds,4,1,1,11,7,away
28/05/2023,16:30,West Ham United,Leicester,1,2,-1,16,3,away
28/05/2023,16:30,Fulham,Manchester United,1,2,-1,10,3,away
28/05/2023,16:30,Liverpool,Southampton,4,4,0,30,8,away
13/08/2021,,Arsenal,Brentford,0,2,-1,22,4,away
14/08/2021,,Leeds,Manchester United,1,5,-1,10,3,away
14/08/2021,,Brighton,Burnley,2,1,1,14,8,away
14/08/2021,,Crystal Palace,Chelsea,0,3,-1,4,1,away
14/08/2021,,Southampton,Everton,1,3,-1,6,3,away
14/08/2021,,Wolverhampton,Leicester,0,1,-1,17,3,away
14/08/2021,,Aston Villa,Watford,2,3,-1,11,2,away
14/08/2021,,Liverpool,Norwich,3,0,1,19,8,away
15/08/2021,,West Ham United,Newcastle United,4,2,1,8,9,away
15/08/2021,,Manchester City,Tottenham Hotspur,0,1,-1,18,4,away
21/08/2021,,Burnley,Liverpool,0,2,-1,9,3,away
21/08/2021,,Newcastle United,Aston Villa,0,2,-1,9,1,away
21/08/2021,,Brentford,Crystal Palace,0,0,0,14,3,away
21/08/2021,,Everton,Leeds,2,2,0,17,8,away
21/08/2021,,Norwich,Manchester City,0,5,-1,1,0,away
21/08/2021,,Watford,Brighton,0,2,-1,10,1,away
22/08/2021,,Manchester United,Southampton,1,1,0,15,4,away
22/08/2021,,Tottenham Hotspur,Wolverhampton,1,0,1,8,6,away
22/08/2021,,Chelsea,Arsenal,2,0,1,22,5,away
23/08/2021,,Leicester,West Ham United,1,4,-1,5,1,away
28/08/2021,,Arsenal,Manchester City,0,5,-1,1,0,away
28/08/2021,,Brentford,Aston Villa,1,1,0,9,2,away
28/08/2021,,Everton,Brighton,2,0,1,14,5,away
28/08/2021,,Southampton,Newcastle United,2,2,0,22,6,away
28/08/2021,,Leicester,Norwich,2,1,1,9,3,away
28/08/2021,,Crystal Palace,West Ham United,2,2,0,9,2,away
28/08/2021,,Chelsea,Liverpool,1,1,0,6,3,away
29/08/2021,,Leeds,Burnley,1,1,0,12,2,away
29/08/2021,,Watford,Tottenham Hotspur,0,1,-1,9,2,away
29/08/2021,,Manchester United,Wolverhampton,1,0,1,10,3,away
11/09/2021,,Tottenham Hotspur,Crystal Palace,0,3,-1,2,1,away
11/09/2021,,Norwich,Arsenal,0,1,-1,10,1,away
11/09/2021,,Brighton,Brentford,1,0,1,4,2,away
11/09/2021,,Manchester City,Leicester,1,0,1,25,8,away
11/09/2021,,Newcastle United,Manchester United,1,4,-1,12,3,away
11/09/2021,,West Ham United,Southampton,0,0,0,13,3,away
11/09/2021,,Wolverhampton,Watford,2,0,1,14,5,away
11/09/2021,,Aston Villa,Chelsea,0,3,-1,18,6,away
12/09/2021,,Liverpool,Leeds,3,0,1,30,9,away
13/09/2021,,Burnley,Everton,1,3,-1,11,6,away
17/09/2021,,Leeds,Newcastle United,1,1,0,22,9,away
18/09/2021,,Brentford,Wolverhampton,2,0,1,9,3,away
18/09/2021,,Arsenal,Burnley,1,0,1,13,3,away
18/09/2021,,Crystal Palace,Liverpool,0,3,-1,13,2,away
18/09/2021,,Southampton,Manchester City,0,0,0,10,2,away
18/09/2021,,Watford,Norwich,3,1,1,12,8,away
18/09/2021,,Everton,Aston Villa,0,3,-1,11,1,away
19/09/2021,,Leicester,Brighton,1,2,-1,14,3,away
19/09/2021,,Manchester United,West Ham United,2,1,1,17,10,away
19/09/2021,,Chelsea,Tottenham Hotspur,3,0,1,20,10,away
25/09/2021,,Manchester City,Chelsea,1,0,1,15,4,away
25/09/2021,,Aston Villa,Manchester United,1,0,1,7,3,away
25/09/2021,,Norwich,Everton,0,2,-1,10,2,away
25/09/2021,,West Ham United,Leeds,2,1,1,20,7,away
25/09/2021,,Burnley,Leicester,2,2,0,9,3,away
25/09/2021,,Newcastle United,Watford,1,1,0,20,6,away
25/09/2021,,Liverpool,Brentford,3,3,0,16,6,away
26/09/2021,,Wolverhampton,Southampton,1,0,1,5,3,away
26/09/2021,,Tottenham Hotspur,Arsenal,1,3,-1,10,4,away
27/09/2021,,Brighton,Crystal Palace,1,1,0,8,4,away
02/10/2021,,Everton,Manchester United,1,1,0,12,2,away
02/10/2021,,Norwich,Burnley,0,0,0,10,2,away
02/10/2021,,Southampton,Chelsea,1,3,-1,6,2,away
02/10/2021,,Watford,Leeds,0,1,-1,5,1,away
02/10/2021,,Newcastle United,Wolverhampton,1,2,-1,8,2,away
02/10/2021,,Arsenal,Brighton,0,0,0,8,2,away
03/10/2021,,Leicester,Crystal Palace,2,2,0,9,5,away
03/10/2021,,Aston Villa,Tottenham Hotspur,1,2,-1,14,3,away
03/10/2021,,Brentford,West Ham United,2,1,1,13,6,away
03/10/2021,,Manchester City,Liverpool,2,2,0,12,3,away
16/10/2021,,Liverpool,Watford,5,0,1,19,8,away
16/10/2021,,Wolverhampton,Aston Villa,3,2,1,9,4,away
16/10/2021,,Manchester United,Leicester,2,4,-1,18,6,away
16/10/2021,,Burnley,Manchester City,0,2,-1,7,2,away
16/10/2021,,Brighton,Norwich,0,0,0,11,3,away
16/10/2021,,Leeds,Southampton,0,1,-1,3,0,away
16/10/2021,,Chelsea,Brentford,1,0,1,5,1,away
17/10/2021,,West Ham United,Everton,1,0,1,16,4,away
17/10/2021,,Tottenham Hotspur,Newcastle United,3,2,1,14,4,away
18/10/2021,,Crystal Palace,Arsenal,2,2,0,9,6,away
22/10/2021,,Aston Villa,Arsenal,1,3,-1,10,4,away
23/10/2021,,Norwich,Chelsea,0,7,-1,3,1,away
23/10/2021,,Newcastle United,Crystal Palace,1,1,0,6,2,away
23/10/2021,,Watford,Everton,5,2,1,20,8,away
23/10/2021,,Wolverhampton,Leeds,1,1,0,8,4,away
23/10/2021,,Burnley,Southampton,2,2,0,9,5,away
23/10/2021,,Manchester City,Brighton,4,1,1,23,14,away
24/10/2021,,Leicester,Brentford,2,1,1,10,6,away
24/10/2021,,Tottenham Hotspur,West Ham United,0,1,-1,7,4,away
24/10/2021,,Liverpool,Manchester United,5,0,1,19,8,away
30/10/2021,,Arsenal,Leicester,2,0,1,9,5,away
30/10/2021,,Brentford,Burnley,1,3,-1,12,5,away
30/10/2021,,Brighton,Liverpool,2,2,0,9,6,away
30/10/2021,,Crystal Palace,Manchester City,2,0,1,8,3,away
30/10/2021,,Chelsea,Newcastle United,3,0,1,19,6,away
30/10/2021,,Southampton,Watford,1,0,1,12,1,away
30/10/2021,,Manchester United,Tottenham Hotspur,3,0,1,10,4,away
31/10/2021,,Leeds,Norwich,2,1,1,13,6,away
31/10/2021,,West Ham United,Aston Villa,4,1,1,21,9,away
01/11/2021,,Everton,Wolverhampton,1,2,-1,14,5,away
05/11/2021,,Aston Villa,Southampton,0,1,-1,14,3,away
06/11/2021,,Manchester City,Manchester United,2,0,1,16,5,away
06/11/2021,,Norwich,Brentford,2,1,1,9,5,away
06/11/2021,,Burnley,Chelsea,1,1,0,5,2,away
06/11/2021,,Wolverhampton,Crystal Palace,0,2,-1,4,2,away
06/11/2021,,Newcastle United,Brighton,1,1,0,6,1,away
07/11/2021,,Watford,Arsenal,0,1,-1,7,1,away
07/11/2021,,Tottenham Hotspur,Everton,0,0,0,8,0,away
07/11/2021,,Leicester,Leeds,1,1,0,9,3,away
07/11/2021,,Liverpool,West Ham United,2,3,-1,16,5,away
20/11/2021,,Chelsea,Leicester,3,0,1,16,7,away
20/11/2021,,Brighton,Aston Villa,0,2,-1,6,2,away
20/11/2021,,Crystal Palace,Burnley,3,3,0,18,8,away
20/11/2021,,Brentford,Newcastle United,3,3,0,10,4,away
20/11/2021,,Southampton,Norwich,1,2,-1,17,5,away
20/11/2021,,Manchester United,Watford,1,4,-1,9,3,away
20/11/2021,,West Ham United,Wolverhampton,0,1,-1,8,3,away
20/11/2021,,Arsenal,Liverpool,0,4,-1,5,3,away
21/11/2021,,Everton,Manchester City,0,3,-1,4,1,away
21/11/2021,,Leeds,Tottenham Hotspur,1,2,-1,18,7,away
27/11/2021,,Newcastle United,Arsenal,0,2,-1,9,5,away
27/11/2021,,Aston Villa,Crystal Palace,2,1,1,10,3,away
27/11/2021,,Southampton,Liverpool,0,4,-1,7,3,away
27/11/2021,,Wolverhampton,Norwich,0,0,0,5,2,away
27/11/2021,,Leeds,Brighton,0,0,0,11,4,away
28/11/2021,,Everton,Brentford,0,1,-1,14,5,away
28/11/2021,,Watford,Leicester,2,4,-1,16,5,away
28/11/2021,,West Ham United,Manchester City,1,2,-1,5,3,away
28/11/2021,,Manchester United,Chelsea,1,1,0,3,2,away
30/11/2021,,Norwich,Newcastle United,1,1,0,16,6,away
30/11/2021,,Crystal Palace,Leeds,0,1,-1,9,1,away
01/12/2021,,Leicester,Southampton,2,2,0,15,6,away
01/12/2021,,Chelsea,Watford,2,1,1,8,4,away
01/12/2021,,Brighton,West Ham United,1,1,0,9,3,away
01/12/2021,,Burnley,Wolverhampton,0,0,0,6,1,away
01/12/2021,,Manchester City,Aston Villa,2,1,1,17,7,away
01/12/2021,,Liverpool,Everton,4,1,1,16,7,away
02/12/2021,,Brentford,Tottenham Hotspur,0,2,-1,6,2,away
02/12/2021,,Arsenal,Manchester United,2,3,-1,17,8,away
04/12/2021,,Chelsea,West Ham United,2,3,-1,19,7,away
04/12/2021,,Burnley,Newcastle United,0,1,-1,10,1,away
04/12/2021,,Brighton,Southampton,1,1,0,14,4,away
04/12/2021,,Liverpool,Wolverhampton,1,0,1,17,5,away
04/12/2021,,Manchester City,Watford,3,1,1,26,13,away
05/12/2021,,Brentford,Leeds,2,2,0,9,3,away
05/12/2021,,Crystal Palace,Manchester United,0,1,-1,8,2,away
05/12/2021,,Norwich,Tottenham Hotspur,0,3,-1,10,1,away
05/12/2021,,Leicester,Aston Villa,1,2,-1,12,5,away
06/12/2021,,Arsenal,Everton,1,2,-1,10,3,away
10/12/2021,,Watford,Brentford,1,2,-1,6,2,away
11/12/2021,,Wolverhampton,Manchester City,0,1,-1,2,1,away
11/12/2021,,Southampton,Arsenal,0,3,-1,11,6,away
11/12/2021,,Leeds,Chelsea,2,3,-1,12,5,away
11/12/2021,,Aston Villa,Liverpool,0,1,-1,4,0,away
11/12/2021,,Manchester United,Norwich,1,0,1,13,5,away
12/12/2021,,West Ham United,Burnley,0,0,0,16,3,away
12/12/2021,,Newcastle United,Leicester,0,4,-1,12,3,away
12/12/2021,,Everton,Crystal Palace,1,3,-1,12,6,away
14/12/2021,,Aston Villa,Norwich,2,0,1,17,6,away
14/12/2021,,Leeds,Manchester City,0,7,-1,6,3,away
15/12/2021,,Wolverhampton,Brighton,1,0,1,8,5,away
15/12/2021,,Southampton,Crystal Palace,2,2,0,15,4,away
15/12/2021,,West Ham United,Arsenal,0,2,-1,7,1,away
16/12/2021,,Everton,Chelsea,1,1,0,5,3,away
16/12/2021,,Newcastle United,Liverpool,1,3,-1,4,2,away
18/12/2021,,Arsenal,Leeds,4,1,1,21,12,away
19/12/2021,,Manchester City,Newcastle United,4,0,1,18,7,away
19/12/2021,,Chelsea,Wolverhampton,0,0,0,8,1,away
19/12/2021,,Liverpool,Tottenham Hotspur,2,2,0,18,6,away
26/12/2021,,Leicester,Manchester City,3,6,-1,14,8,away
26/12/2021,,Arsenal,Norwich,5,0,1,16,6,away
26/12/2021,,Crystal Palace,Tottenham Hotspur,0,3,-1,4,0,away
26/12/2021,,Southampton,West Ham United,3,2,1,11,6,away
26/12/2021,,Chelsea,Aston Villa,3,1,1,10,4,away
26/12/2021,,Brentford,Brighton,0,2,-1,16,6,away
27/12/2021,,Manchester United,Newcastle United,1,1,0,13,4,away
28/12/2021,,Norwich,Crystal Palace,0,3,-1,12,3,away
28/12/2021,,Tottenham Hotspur,Southampton,1,1,0,21,11,away
28/12/2021,,West Ham United,Watford,4,1,1,13,6,away
28/12/2021,,Liverpool,Leicester,0,1,-1,21,4,away
29/12/2021,,Brighton,Chelsea,1,1,0,18,6,away
29/12/2021,,Manchester City,Brentford,1,0,1,12,3,away
30/12/2021,,Burnley,Manchester United,1,3,-1,10,3,away
01/01/2022,,Manchester City,Arsenal,2,1,1,15,2,away
01/01/2022,,Tottenham Hotspur,Watford,1,0,1,21,9,away
01/01/2022,,West Ham United,Crystal Palace,3,2,1,10,5,away
02/01/2022,,Aston Villa,Brentford,1,2,-1,16,5,away
02/01/2022,,Brighton,Everton,3,2,1,12,5,away
02/01/2022,,Burnley,Leeds,1,3,-1,8,2,away
02/01/2022,,Liverpool,Chelsea,2,2,0,10,6,away
03/01/2022,,Wolverhampton,Manchester United,1,0,1,19,6,away
11/01/2022,,Brentford,Southampton,1,4,-1,5,4,away
12/01/2022,,Norwich,West Ham United,0,2,-1,7,3,away
14/01/2022,,Crystal Palace,Brighton,1,1,0,3,1,away
15/01/2022,,Chelsea,Manchester City,0,1,-1,4,1,away
15/01/2022,,Watford,Newcastle United,1,1,0,18,5,away
15/01/2022,,Everton,Norwich,1,2,-1,12,5,away
15/01/2022,,Southampton,Wolverhampton,1,3,-1,13,10,away
15/01/2022,,Manchester United,Aston Villa,2,2,0,13,6,away
16/01/2022,,Brentford,Liverpool,0,3,-1,6,1,away
16/01/2022,,Leeds,West Ham United,3,2,1,18,5,away
18/01/2022,,Chelsea,Brighton,1,1,0,15,3,away
19/01/2022,,Tottenham Hotspur,Leicester,3,2,1,27,10,away
19/01/2022,,Manchester United,Brentford,3,1,1,13,5,away
21/01/2022,,Norwich,Watford,3,0,1,7,2,away
22/01/2022,,Aston Villa,Everton,1,0,1,8,3,away
22/01/2022,,Wolverhampton,Brentford,2,1,1,7,2,away
22/01/2022,,Newcastle United,Leeds,1,0,1,15,3,away
22/01/2022,,West Ham United,Manchester United,0,1,-1,6,1,away
22/01/2022,,Manchester City,Southampton,1,1,0,20,5,away
23/01/2022,,Burnley,Arsenal,0,0,0,10,1,away
23/01/2022,,Liverpool,Crystal Palace,3,1,1,15,7,away
23/01/2022,,Brighton,Leicester,1,1,0,14,5,away
23/01/2022,,Tottenham Hotspur,Chelsea,0,2,-1,6,3,away
05/02/2022,,Watford,Burnley,0,0,0,11,5,away
08/02/2022,,Everton,Newcastle United,1,3,-1,11,3,away
08/02/2022,,Watford,West Ham United,0,1,-1,6,1,away
08/02/2022,,Manchester United,Burnley,1,1,0,22,5,away
09/02/2022,,Brentford,Manchester City,0,2,-1,6,2,away
09/02/2022,,Crystal Palace,Norwich,1,1,0,13,5,away
09/02/2022,,Southampton,Tottenham Hotspur,3,2,1,23,10,away
09/02/2022,,Leeds,Aston Villa,3,3,0,16,8,away
10/02/2022,,Leicester,Liverpool,0,2,-1,5,1,away
10/02/2022,,Arsenal,Wolverhampton,1,0,1,12,2,away
12/02/2022,,Southampton,Manchester United,1,1,0,13,4,away
12/02/2022,,Crystal Palace,Brentford,0,0,0,6,3,away
12/02/2022,,Leeds,Everton,0,3,-1,7,0,away
12/02/2022,,Brighton,Watford,2,0,1,11,6,away
12/02/2022,,Manchester City,Norwich,4,0,1,22,9,away
13/02/2022,,Liverpool,Burnley,1,0,1,12,4,away
13/02/2022,,Aston Villa,Newcastle United,0,1,-1,11,1,away
13/02/2022,,Wolverhampton,Tottenham Hotspur,2,0,1,11,7,away
13/02/2022,,West Ham United,Leicester,2,2,0,8,3,away
15/02/2022,,Brighton,Manchester United,0,2,-1,10,3,away
19/02/2022,,Newcastle United,West Ham United,1,1,0,14,3,away
19/02/2022,,Brentford,Arsenal,1,2,-1,6,2,away
19/02/2022,,Watford,Aston Villa,1,0,1,8,4,away
19/02/2022,,Burnley,Brighton,3,0,1,10,4,away
19/02/2022,,Chelsea,Crystal Palace,1,0,1,9,3,away
19/02/2022,,Norwich,Liverpool,1,3,-1,6,1,away
19/02/2022,,Everton,Southampton,0,2,-1,9,0,away
19/02/2022,,Tottenham Hotspur,Manchester City,3,2,1,6,5,away
20/02/2022,,Manchester United,Leeds,4,2,1,15,9,away
20/02/2022,,Leicester,Wolverhampton,1,2,-1,17,7,away
23/02/2022,,Tottenham Hotspur,Burnley,0,1,-1,12,2,away
23/02/2022,,Crystal Palace,Watford,4,1,1,7,5,away
23/02/2022,,Leeds,Liverpool,0,6,-1,3,2,away
24/02/2022,,Wolverhampton,Arsenal,1,2,-1,6,2,away
25/02/2022,,Norwich,Southampton,0,2,-1,8,1,away
26/02/2022,,Tottenham Hotspur,Leeds,4,0,1,15,11,away
26/02/2022,,Newcastle United,Brentford,2,0,1,26,11,away
26/02/2022,,Burnley,Crystal Palace,1,1,0,5,1,away
26/02/2022,,Watford,Manchester United,0,0,0,10,2,away
26/02/2022,,Aston Villa,Brighton,2,0,1,9,4,away
26/02/2022,,Manchester City,Everton,1,0,1,13,8,away
27/02/2022,,Wolverhampton,West Ham United,0,1,-1,14,1,away
01/03/2022,,Leicester,Burnley,2,0,1,22,6,away
05/03/2022,,Leeds,Leicester,0,1,-1,19,4,away
05/03/2022,,Southampton,Aston Villa,0,4,-1,11,1,away
05/03/2022,,Chelsea,Burnley,4,0,1,11,5,away
05/03/2022,,Brighton,Newcastle United,1,2,-1,15,4,away
05/03/2022,,Brentford,Norwich,3,1,1,10,6,away
05/03/2022,,Crystal Palace,Wolverhampton,2,0,1,12,8,away
05/03/2022,,West Ham United,Liverpool,0,1,-1,13,5,away
06/03/2022,,Arsenal,Watford,3,2,1,16,4,away
06/03/2022,,Manchester United,Manchester City,1,4,-1,5,2,away
07/03/2022,,Everton,Tottenham Hotspur,0,5,-1,6,0,away
10/03/2022,,Chelsea,Norwich,3,1,1,15,7,away
10/03/2022,,Newcastle United,Southampton,2,1,1,8,4,away
10/03/2022,,Watford,Wolverhampton,0,4,-1,9,0,away
10/03/2022,,Aston Villa,Leeds,3,0,1,15,9,away
12/03/2022,,Liverpool,Brighton,2,0,1,18,9,away
12/03/2022,,Burnley,Brentford,0,2,-1,7,1,away
12/03/2022,,Tottenham Hotspur,Manchester United,2,3,-1,10,3,away
13/03/2022,,Newcastle United,Chelsea,0,1,-1,7,2,away
13/03/2022,,Wolverhampton,Everton,1,0,1,14,3,away
13/03/2022,,Norwich,Leeds,1,2,-1,12,4,away
13/03/2022,,Watford,Southampton,2,1,1,9,5,away
13/03/2022,,Aston Villa,West Ham United,1,2,-1,13,7,away
13/03/2022,,Leicester,Arsenal,0,2,-1,6,3,away
14/03/2022,,Manchester City,Crystal Palace,0,0,0,18,4,away
16/03/2022,,Tottenham Hotspur,Brighton,2,0,1,17,7,away
16/03/2022,,Liverpool,Arsenal,2,0,1,9,3,away
17/03/2022,,Newcastle United,Everton,0,1,-1,17,6,away
18/03/2022,,Leeds,Wolverhampton,3,2,1,15,6,away
19/03/2022,,Arsenal,Aston Villa,1,0,1,10,3,away
20/03/2022,,Brentford,Leicester,1,2,-1,15,6,away
20/03/2022,,West Ham United,Tottenham Hotspur,1,3,-1,6,1,away
02/04/2022,,Watford,Liverpool,0,2,-1,5,2,away
02/04/2022,,Norwich,Brighton,0,0,0,6,0,away
02/04/2022,,Manchester City,Burnley,2,0,1,18,6,away
02/04/2022,,Brentford,Chelsea,4,1,1,17,6,away
02/04/2022,,Southampton,Leeds,1,1,0,14,6,away
02/04/2022,,Aston Villa,Wolverhampton,1,2,-1,15,5,away
02/04/2022,,Leicester,Manchester United,1,1,0,11,3,away
03/04/2022,,Everton,West Ham United,1,2,-1,13,2,away
03/04/2022,,Newcastle United,Tottenham Hotspur,1,5,-1,8,1,away
04/04/2022,,Arsenal,Crystal Palace,0,3,-1,12,3,away
06/04/2022,,Everton,Burnley,2,3,-1,16,4,away
08/04/2022,,Wolverhampton,Newcastle United,0,1,-1,5,2,away
09/04/2022,,Manchester United,Everton,0,1,-1,12,4,away
09/04/2022,,Brighton,Arsenal,2,1,1,8,3,away
09/04/2022,,Chelsea,Southampton,6,0,1,24,14,away
09/04/2022,,Leeds,Watford,3,0,1,10,5,away
09/04/2022,,Tottenham Hotspur,Aston Villa,4,0,1,11,5,away
10/04/2022,,West Ham United,Brentford,0,2,-1,5,1,away
10/04/2022,,Crystal Palace,Leicester,1,2,-1,11,3,away
10/04/2022,,Burnley,Norwich,0,2,-1,18,4,away
10/04/2022,,Liverpool,Manchester City,2,2,0,6,4,away
16/04/2022,,Brighton,Tottenham Hotspur,1,0,1,12,5,away
16/04/2022,,Norwich,Manchester United,2,3,-1,15,4,away
16/04/2022,,Arsenal,Southampton,0,1,-1,23,6,away
16/04/2022,,Brentford,Watford,2,1,1,16,5,away
17/04/2022,,Leicester,Newcastle United,1,2,-1,8,2,away
17/04/2022,,Burnley,West Ham United,1,1,0,9,1,away
19/04/2022,,Manchester United,Liverpool,0,4,-1,2,1,away
20/04/2022,,Arsenal,Chelsea,4,2,1,14,4,away
20/04/2022,,Leicester,Everton,1,1,0,11,3,away
20/04/2022,,Crystal Palace,Newcastle United,0,1,-1,10,2,away
20/04/2022,,Brighton,Manchester City,0,3,-1,2,1,away
21/04/2022,,Southampton,Burnley,0,2,-1,11,3,away
23/04/2022,,Manchester United,Arsenal,1,3,-1,14,5,away
23/04/2022,,Aston Villa,Leicester,0,0,0,11,3,away
23/04/2022,,Watford,Manchester City,1,5,-1,5,2,away
23/04/2022,,Newcastle United,Norwich,3,0,1,13,7,away
23/04/2022,,Tottenham Hotspur,Brentford,0,0,0,9,0,away
24/04/2022,,Southampton,Brighton,2,2,0,18,5,away
24/04/2022,,Wolverhampton,Burnley,0,1,-1,10,4,away
24/04/2022,,West Ham United,Chelsea,0,1,-1,6,2,away
24/04/2022,,Everton,Liverpool,0,2,-1,9,1,away
25/04/2022,,Leeds,Crystal Palace,0,0,0,9,2,away
28/04/2022,,Chelsea,Manchester United,1,1,0,21,6,away
30/04/2022,,Liverpool,Newcastle United,1,0,1,24,10,away
30/04/2022,,Norwich,Aston Villa,0,2,-1,9,3,away
30/04/2022,,Crystal Palace,Southampton,2,1,1,14,5,away
30/04/2022,,Burnley,Watford,2,1,1,17,6,away
30/04/2022,,Brighton,Wolverhampton,3,0,1,17,9,away
30/04/2022,,Manchester City,Leeds,4,0,1,19,6,away
01/05/2022,,Chelsea,Everton,0,1,-1,17,5,away
01/05/2022,,Leicester,Tottenham Hotspur,1,3,-1,6,2,away
01/05/2022,,Arsenal,West Ham United,2,1,1,13,7,away
02/05/2022,,Brentford,Manchester United,0,3,-1,12,4,away
07/05/2022,,Southampton,Brentford,0,3,-1,19,4,away
07/05/2022,,Aston Villa,Burnley,3,1,1,12,7,away
07/05/2022,,Wolverhampton,Chelsea,2,2,0,14,4,away
07/05/2022,,Watford,Crystal Palace,0,1,-1,6,1,away
07/05/2022,,Manchester United,Brighton,0,4,-1,15,5,away
07/05/2022,,Tottenham Hotspur,Liverpool,1,1,0,8,3,away
08/05/2022,,Leeds,Arsenal,1,2,-1,3,2,away
08/05/2022,,Everton,Leicester,2,1,1,10,4,away
08/05/2022,,West Ham United,Norwich,4,0,1,13,5,away
08/05/2022,,Newcastle United,Manchester City,0,5,-1,7,3,away
10/05/2022,,Liverpool,Aston Villa,2,1,1,17,6,away
11/05/2022,,Chelsea,Leeds,3,0,1,17,4,away
11/05/2022,,Norwich,Leicester,0,3,-1,9,5,away
11/05/2022,,Everton,Watford,0,0,0,16,5,away
11/05/2022,,Manchester City,Wolverhampton,5,1,1,16,5,away
12/05/2022,,Arsenal,Tottenham Hotspur,0,3,-1,8,4,away
15/05/2022,,Burnley,Tottenham Hotspur,0,1,-1,8,1,away
15/05/2022,,Crystal Palace,Aston Villa,1,1,0,16,4,away
15/05/2022,,Brighton,Leeds,1,1,0,16,6,away
15/05/2022,,Leicester,Watford,5,1,1,13,7,away
15/05/2022,,Manchester City,West Ham United,2,2,0,31,8,away
15/05/2022,,Norwich,Wolverhampton,1,1,0,11,2,away
15/05/2022,,Brentford,Everton,3,2,1,18,7,away
16/05/2022,,Arsenal,Newcastle United,0,2,-1,11,2,away
17/05/2022,,Liverpool,Southampton,2,1,1,24,5,away
19/05/2022,,Crystal Palace,Everton,2,3,-1,7,5,away
19/05/2022,,Burnley,Aston Villa,1,1,0,10,5,away
19/05/2022,,Leicester,Chelsea,1,1,0,2,1,away
22/05/2022,,Everton,Arsenal,1,5,-1,6,2,away
22/05/2022,,Leeds,Brentford,2,1,1,14,6,away
22/05/2022,,West Ham United,Brighton,1,3,-1,7,2,away
22/05/2022,,Newcastle United,Burnley,2,1,1,8,6,away
22/05/2022,,Watford,Chelsea,1,2,-1,8,3,away
22/05/2022,,Manchester United,Crystal Palace,0,1,-1,10,4,away
22/05/2022,,Southampton,Leicester,1,4,-1,7,2,away
22/05/2022,,Wolverhampton,Liverpool,1,3,-1,7,5,away
22/05/2022,,Aston Villa,Manchester City,2,3,-1,4,2,away
22/05/2022,,Tottenham Hotspur,Norwich,5,0,1,19,13,away
